[
{
  "model": "admin.logentry",
  "pk": 1,
  "fields": {
    "action_time": "2022-02-10T23:46:56.982Z",
    "user": 1,
    "content_type": 8,
    "object_id": "6",
    "object_repr": "ESTADOS UNIDOS",
    "action_flag": 1,
    "change_message": "[{\"added\": {}}]"
  }
},
{
  "model": "admin.logentry",
  "pk": 2,
  "fields": {
    "action_time": "2022-02-10T23:47:33.055Z",
    "user": 1,
    "content_type": 8,
    "object_id": "7",
    "object_repr": "TESTE",
    "action_flag": 1,
    "change_message": "[{\"added\": {}}]"
  }
},
{
  "model": "admin.logentry",
  "pk": 3,
  "fields": {
    "action_time": "2022-02-10T23:49:50.408Z",
    "user": 1,
    "content_type": 8,
    "object_id": "7",
    "object_repr": "TESTE",
    "action_flag": 2,
    "change_message": "[]"
  }
},
{
  "model": "admin.logentry",
  "pk": 4,
  "fields": {
    "action_time": "2022-02-10T23:50:22.642Z",
    "user": 1,
    "content_type": 8,
    "object_id": "8",
    "object_repr": "TESTE2",
    "action_flag": 1,
    "change_message": "[{\"added\": {}}]"
  }
},
{
  "model": "auth.permission",
  "pk": 1,
  "fields": {
    "name": "Can add log entry",
    "content_type": 1,
    "codename": "add_logentry"
  }
},
{
  "model": "auth.permission",
  "pk": 2,
  "fields": {
    "name": "Can change log entry",
    "content_type": 1,
    "codename": "change_logentry"
  }
},
{
  "model": "auth.permission",
  "pk": 3,
  "fields": {
    "name": "Can delete log entry",
    "content_type": 1,
    "codename": "delete_logentry"
  }
},
{
  "model": "auth.permission",
  "pk": 4,
  "fields": {
    "name": "Can view log entry",
    "content_type": 1,
    "codename": "view_logentry"
  }
},
{
  "model": "auth.permission",
  "pk": 5,
  "fields": {
    "name": "Can add permission",
    "content_type": 2,
    "codename": "add_permission"
  }
},
{
  "model": "auth.permission",
  "pk": 6,
  "fields": {
    "name": "Can change permission",
    "content_type": 2,
    "codename": "change_permission"
  }
},
{
  "model": "auth.permission",
  "pk": 7,
  "fields": {
    "name": "Can delete permission",
    "content_type": 2,
    "codename": "delete_permission"
  }
},
{
  "model": "auth.permission",
  "pk": 8,
  "fields": {
    "name": "Can view permission",
    "content_type": 2,
    "codename": "view_permission"
  }
},
{
  "model": "auth.permission",
  "pk": 9,
  "fields": {
    "name": "Can add group",
    "content_type": 3,
    "codename": "add_group"
  }
},
{
  "model": "auth.permission",
  "pk": 10,
  "fields": {
    "name": "Can change group",
    "content_type": 3,
    "codename": "change_group"
  }
},
{
  "model": "auth.permission",
  "pk": 11,
  "fields": {
    "name": "Can delete group",
    "content_type": 3,
    "codename": "delete_group"
  }
},
{
  "model": "auth.permission",
  "pk": 12,
  "fields": {
    "name": "Can view group",
    "content_type": 3,
    "codename": "view_group"
  }
},
{
  "model": "auth.permission",
  "pk": 13,
  "fields": {
    "name": "Can add user",
    "content_type": 4,
    "codename": "add_user"
  }
},
{
  "model": "auth.permission",
  "pk": 14,
  "fields": {
    "name": "Can change user",
    "content_type": 4,
    "codename": "change_user"
  }
},
{
  "model": "auth.permission",
  "pk": 15,
  "fields": {
    "name": "Can delete user",
    "content_type": 4,
    "codename": "delete_user"
  }
},
{
  "model": "auth.permission",
  "pk": 16,
  "fields": {
    "name": "Can view user",
    "content_type": 4,
    "codename": "view_user"
  }
},
{
  "model": "auth.permission",
  "pk": 17,
  "fields": {
    "name": "Can add content type",
    "content_type": 5,
    "codename": "add_contenttype"
  }
},
{
  "model": "auth.permission",
  "pk": 18,
  "fields": {
    "name": "Can change content type",
    "content_type": 5,
    "codename": "change_contenttype"
  }
},
{
  "model": "auth.permission",
  "pk": 19,
  "fields": {
    "name": "Can delete content type",
    "content_type": 5,
    "codename": "delete_contenttype"
  }
},
{
  "model": "auth.permission",
  "pk": 20,
  "fields": {
    "name": "Can view content type",
    "content_type": 5,
    "codename": "view_contenttype"
  }
},
{
  "model": "auth.permission",
  "pk": 21,
  "fields": {
    "name": "Can add session",
    "content_type": 6,
    "codename": "add_session"
  }
},
{
  "model": "auth.permission",
  "pk": 22,
  "fields": {
    "name": "Can change session",
    "content_type": 6,
    "codename": "change_session"
  }
},
{
  "model": "auth.permission",
  "pk": 23,
  "fields": {
    "name": "Can delete session",
    "content_type": 6,
    "codename": "delete_session"
  }
},
{
  "model": "auth.permission",
  "pk": 24,
  "fields": {
    "name": "Can view session",
    "content_type": 6,
    "codename": "view_session"
  }
},
{
  "model": "auth.permission",
  "pk": 25,
  "fields": {
    "name": "Can add documento",
    "content_type": 7,
    "codename": "add_documento"
  }
},
{
  "model": "auth.permission",
  "pk": 26,
  "fields": {
    "name": "Can change documento",
    "content_type": 7,
    "codename": "change_documento"
  }
},
{
  "model": "auth.permission",
  "pk": 27,
  "fields": {
    "name": "Can delete documento",
    "content_type": 7,
    "codename": "delete_documento"
  }
},
{
  "model": "auth.permission",
  "pk": 28,
  "fields": {
    "name": "Can view documento",
    "content_type": 7,
    "codename": "view_documento"
  }
},
{
  "model": "auth.permission",
  "pk": 29,
  "fields": {
    "name": "Can add produto",
    "content_type": 8,
    "codename": "add_produto"
  }
},
{
  "model": "auth.permission",
  "pk": 30,
  "fields": {
    "name": "Can change produto",
    "content_type": 8,
    "codename": "change_produto"
  }
},
{
  "model": "auth.permission",
  "pk": 31,
  "fields": {
    "name": "Can delete produto",
    "content_type": 8,
    "codename": "delete_produto"
  }
},
{
  "model": "auth.permission",
  "pk": 32,
  "fields": {
    "name": "Can view produto",
    "content_type": 8,
    "codename": "view_produto"
  }
},
{
  "model": "auth.permission",
  "pk": 33,
  "fields": {
    "name": "Can add sub categoria",
    "content_type": 9,
    "codename": "add_subcategoria"
  }
},
{
  "model": "auth.permission",
  "pk": 34,
  "fields": {
    "name": "Can change sub categoria",
    "content_type": 9,
    "codename": "change_subcategoria"
  }
},
{
  "model": "auth.permission",
  "pk": 35,
  "fields": {
    "name": "Can delete sub categoria",
    "content_type": 9,
    "codename": "delete_subcategoria"
  }
},
{
  "model": "auth.permission",
  "pk": 36,
  "fields": {
    "name": "Can view sub categoria",
    "content_type": 9,
    "codename": "view_subcategoria"
  }
},
{
  "model": "auth.permission",
  "pk": 37,
  "fields": {
    "name": "Can add categoria",
    "content_type": 10,
    "codename": "add_categoria"
  }
},
{
  "model": "auth.permission",
  "pk": 38,
  "fields": {
    "name": "Can change categoria",
    "content_type": 10,
    "codename": "change_categoria"
  }
},
{
  "model": "auth.permission",
  "pk": 39,
  "fields": {
    "name": "Can delete categoria",
    "content_type": 10,
    "codename": "delete_categoria"
  }
},
{
  "model": "auth.permission",
  "pk": 40,
  "fields": {
    "name": "Can view categoria",
    "content_type": 10,
    "codename": "view_categoria"
  }
},
{
  "model": "auth.permission",
  "pk": 41,
  "fields": {
    "name": "Can add fornecedor",
    "content_type": 11,
    "codename": "add_fornecedor"
  }
},
{
  "model": "auth.permission",
  "pk": 42,
  "fields": {
    "name": "Can change fornecedor",
    "content_type": 11,
    "codename": "change_fornecedor"
  }
},
{
  "model": "auth.permission",
  "pk": 43,
  "fields": {
    "name": "Can delete fornecedor",
    "content_type": 11,
    "codename": "delete_fornecedor"
  }
},
{
  "model": "auth.permission",
  "pk": 44,
  "fields": {
    "name": "Can view fornecedor",
    "content_type": 11,
    "codename": "view_fornecedor"
  }
},
{
  "model": "auth.permission",
  "pk": 45,
  "fields": {
    "name": "Can add compras",
    "content_type": 12,
    "codename": "add_compras"
  }
},
{
  "model": "auth.permission",
  "pk": 46,
  "fields": {
    "name": "Can change compras",
    "content_type": 12,
    "codename": "change_compras"
  }
},
{
  "model": "auth.permission",
  "pk": 47,
  "fields": {
    "name": "Can delete compras",
    "content_type": 12,
    "codename": "delete_compras"
  }
},
{
  "model": "auth.permission",
  "pk": 48,
  "fields": {
    "name": "Can view compras",
    "content_type": 12,
    "codename": "view_compras"
  }
},
{
  "model": "auth.permission",
  "pk": 49,
  "fields": {
    "name": "Can add compras detelhe",
    "content_type": 13,
    "codename": "add_comprasdetelhe"
  }
},
{
  "model": "auth.permission",
  "pk": 50,
  "fields": {
    "name": "Can change compras detelhe",
    "content_type": 13,
    "codename": "change_comprasdetelhe"
  }
},
{
  "model": "auth.permission",
  "pk": 51,
  "fields": {
    "name": "Can delete compras detelhe",
    "content_type": 13,
    "codename": "delete_comprasdetelhe"
  }
},
{
  "model": "auth.permission",
  "pk": 52,
  "fields": {
    "name": "Can view compras detelhe",
    "content_type": 13,
    "codename": "view_comprasdetelhe"
  }
},
{
  "model": "auth.permission",
  "pk": 53,
  "fields": {
    "name": "Can add compras detalhe",
    "content_type": 13,
    "codename": "add_comprasdetalhe"
  }
},
{
  "model": "auth.permission",
  "pk": 54,
  "fields": {
    "name": "Can change compras detalhe",
    "content_type": 13,
    "codename": "change_comprasdetalhe"
  }
},
{
  "model": "auth.permission",
  "pk": 55,
  "fields": {
    "name": "Can delete compras detalhe",
    "content_type": 13,
    "codename": "delete_comprasdetalhe"
  }
},
{
  "model": "auth.permission",
  "pk": 56,
  "fields": {
    "name": "Can view compras detalhe",
    "content_type": 13,
    "codename": "view_comprasdetalhe"
  }
},
{
  "model": "auth.permission",
  "pk": 57,
  "fields": {
    "name": "Can add cliente",
    "content_type": 14,
    "codename": "add_cliente"
  }
},
{
  "model": "auth.permission",
  "pk": 58,
  "fields": {
    "name": "Can change cliente",
    "content_type": 14,
    "codename": "change_cliente"
  }
},
{
  "model": "auth.permission",
  "pk": 59,
  "fields": {
    "name": "Can delete cliente",
    "content_type": 14,
    "codename": "delete_cliente"
  }
},
{
  "model": "auth.permission",
  "pk": 60,
  "fields": {
    "name": "Can view cliente",
    "content_type": 14,
    "codename": "view_cliente"
  }
},
{
  "model": "auth.permission",
  "pk": 61,
  "fields": {
    "name": "Can add venda detalhe",
    "content_type": 15,
    "codename": "add_vendadetalhe"
  }
},
{
  "model": "auth.permission",
  "pk": 62,
  "fields": {
    "name": "Can change venda detalhe",
    "content_type": 15,
    "codename": "change_vendadetalhe"
  }
},
{
  "model": "auth.permission",
  "pk": 63,
  "fields": {
    "name": "Can delete venda detalhe",
    "content_type": 15,
    "codename": "delete_vendadetalhe"
  }
},
{
  "model": "auth.permission",
  "pk": 64,
  "fields": {
    "name": "Can view venda detalhe",
    "content_type": 15,
    "codename": "view_vendadetalhe"
  }
},
{
  "model": "auth.permission",
  "pk": 65,
  "fields": {
    "name": "Can add venda",
    "content_type": 16,
    "codename": "add_venda"
  }
},
{
  "model": "auth.permission",
  "pk": 66,
  "fields": {
    "name": "Can change venda",
    "content_type": 16,
    "codename": "change_venda"
  }
},
{
  "model": "auth.permission",
  "pk": 67,
  "fields": {
    "name": "Can delete venda",
    "content_type": 16,
    "codename": "delete_venda"
  }
},
{
  "model": "auth.permission",
  "pk": 68,
  "fields": {
    "name": "Can view venda",
    "content_type": 16,
    "codename": "view_venda"
  }
},
{
  "model": "auth.permission",
  "pk": 69,
  "fields": {
    "name": "Can add empresa",
    "content_type": 17,
    "codename": "add_empresa"
  }
},
{
  "model": "auth.permission",
  "pk": 70,
  "fields": {
    "name": "Can change empresa",
    "content_type": 17,
    "codename": "change_empresa"
  }
},
{
  "model": "auth.permission",
  "pk": 71,
  "fields": {
    "name": "Can delete empresa",
    "content_type": 17,
    "codename": "delete_empresa"
  }
},
{
  "model": "auth.permission",
  "pk": 72,
  "fields": {
    "name": "Can view empresa",
    "content_type": 17,
    "codename": "view_empresa"
  }
},
{
  "model": "auth.permission",
  "pk": 73,
  "fields": {
    "name": "Can add moeda",
    "content_type": 18,
    "codename": "add_moeda"
  }
},
{
  "model": "auth.permission",
  "pk": 74,
  "fields": {
    "name": "Can change moeda",
    "content_type": 18,
    "codename": "change_moeda"
  }
},
{
  "model": "auth.permission",
  "pk": 75,
  "fields": {
    "name": "Can delete moeda",
    "content_type": 18,
    "codename": "delete_moeda"
  }
},
{
  "model": "auth.permission",
  "pk": 76,
  "fields": {
    "name": "Can view moeda",
    "content_type": 18,
    "codename": "view_moeda"
  }
},
{
  "model": "auth.permission",
  "pk": 77,
  "fields": {
    "name": "Can add lancamento caixa",
    "content_type": 19,
    "codename": "add_lancamentocaixa"
  }
},
{
  "model": "auth.permission",
  "pk": 78,
  "fields": {
    "name": "Can change lancamento caixa",
    "content_type": 19,
    "codename": "change_lancamentocaixa"
  }
},
{
  "model": "auth.permission",
  "pk": 79,
  "fields": {
    "name": "Can delete lancamento caixa",
    "content_type": 19,
    "codename": "delete_lancamentocaixa"
  }
},
{
  "model": "auth.permission",
  "pk": 80,
  "fields": {
    "name": "Can view lancamento caixa",
    "content_type": 19,
    "codename": "view_lancamentocaixa"
  }
},
{
  "model": "auth.permission",
  "pk": 81,
  "fields": {
    "name": "Can add estoque empresa",
    "content_type": 20,
    "codename": "add_estoqueempresa"
  }
},
{
  "model": "auth.permission",
  "pk": 82,
  "fields": {
    "name": "Can change estoque empresa",
    "content_type": 20,
    "codename": "change_estoqueempresa"
  }
},
{
  "model": "auth.permission",
  "pk": 83,
  "fields": {
    "name": "Can delete estoque empresa",
    "content_type": 20,
    "codename": "delete_estoqueempresa"
  }
},
{
  "model": "auth.permission",
  "pk": 84,
  "fields": {
    "name": "Can view estoque empresa",
    "content_type": 20,
    "codename": "view_estoqueempresa"
  }
},
{
  "model": "auth.user",
  "pk": 1,
  "fields": {
    "password": "pbkdf2_sha256$260000$4FgXnEGJVAe2kMmEoVtQAT$WyjdPHiBH07+cs4LZXgGrEYTueQOQY6gDxK9odQIBiY=",
    "last_login": "2022-03-09T00:04:55.190Z",
    "is_superuser": true,
    "username": "conejofoz",
    "first_name": "",
    "last_name": "",
    "email": "conejofoz@gmail.com",
    "is_staff": true,
    "is_active": true,
    "date_joined": "2022-01-22T23:28:30.088Z",
    "groups": [],
    "user_permissions": []
  }
},
{
  "model": "contenttypes.contenttype",
  "pk": 1,
  "fields": {
    "app_label": "admin",
    "model": "logentry"
  }
},
{
  "model": "contenttypes.contenttype",
  "pk": 2,
  "fields": {
    "app_label": "auth",
    "model": "permission"
  }
},
{
  "model": "contenttypes.contenttype",
  "pk": 3,
  "fields": {
    "app_label": "auth",
    "model": "group"
  }
},
{
  "model": "contenttypes.contenttype",
  "pk": 4,
  "fields": {
    "app_label": "auth",
    "model": "user"
  }
},
{
  "model": "contenttypes.contenttype",
  "pk": 5,
  "fields": {
    "app_label": "contenttypes",
    "model": "contenttype"
  }
},
{
  "model": "contenttypes.contenttype",
  "pk": 6,
  "fields": {
    "app_label": "sessions",
    "model": "session"
  }
},
{
  "model": "contenttypes.contenttype",
  "pk": 7,
  "fields": {
    "app_label": "api",
    "model": "documento"
  }
},
{
  "model": "contenttypes.contenttype",
  "pk": 8,
  "fields": {
    "app_label": "api",
    "model": "produto"
  }
},
{
  "model": "contenttypes.contenttype",
  "pk": 9,
  "fields": {
    "app_label": "api",
    "model": "subcategoria"
  }
},
{
  "model": "contenttypes.contenttype",
  "pk": 10,
  "fields": {
    "app_label": "api",
    "model": "categoria"
  }
},
{
  "model": "contenttypes.contenttype",
  "pk": 11,
  "fields": {
    "app_label": "api",
    "model": "fornecedor"
  }
},
{
  "model": "contenttypes.contenttype",
  "pk": 12,
  "fields": {
    "app_label": "api",
    "model": "compras"
  }
},
{
  "model": "contenttypes.contenttype",
  "pk": 13,
  "fields": {
    "app_label": "api",
    "model": "comprasdetalhe"
  }
},
{
  "model": "contenttypes.contenttype",
  "pk": 14,
  "fields": {
    "app_label": "api",
    "model": "cliente"
  }
},
{
  "model": "contenttypes.contenttype",
  "pk": 15,
  "fields": {
    "app_label": "api",
    "model": "vendadetalhe"
  }
},
{
  "model": "contenttypes.contenttype",
  "pk": 16,
  "fields": {
    "app_label": "api",
    "model": "venda"
  }
},
{
  "model": "contenttypes.contenttype",
  "pk": 17,
  "fields": {
    "app_label": "api",
    "model": "empresa"
  }
},
{
  "model": "contenttypes.contenttype",
  "pk": 18,
  "fields": {
    "app_label": "api",
    "model": "moeda"
  }
},
{
  "model": "contenttypes.contenttype",
  "pk": 19,
  "fields": {
    "app_label": "api",
    "model": "lancamentocaixa"
  }
},
{
  "model": "contenttypes.contenttype",
  "pk": 20,
  "fields": {
    "app_label": "api",
    "model": "estoqueempresa"
  }
},
{
  "model": "sessions.session",
  "pk": "c189c8quc13mnz1y6zpadad0g63eto4q",
  "fields": {
    "session_data": ".eJxVjEEOwiAQRe_C2hBmCgVduu8ZyDBDpWpoUtqV8e7apAvd_vfef6lI21ri1vISJ1EXBer0uyXiR647kDvV26x5rusyJb0r-qBND7Pk5_Vw_w4KtfKtvfQMJgFa4WAh8GgCJzYWLfUdZ5tGBN87GM8iCI4yMhJ6x9IZ13n1_gDihTey:1nBPp8:2gfiFnNP1useWsaqf3CWcBts_6MXsXcWSupqg4GSfvA",
    "expire_date": "2022-02-05T23:29:34.193Z"
  }
},
{
  "model": "sessions.session",
  "pk": "hk43r80yrxxukpi3yukcs4lc6y8z7oe8",
  "fields": {
    "session_data": ".eJxVjEEOwiAQRe_C2hBmCgVduu8ZyDBDpWpoUtqV8e7apAvd_vfef6lI21ri1vISJ1EXBer0uyXiR647kDvV26x5rusyJb0r-qBND7Pk5_Vw_w4KtfKtvfQMJgFa4WAh8GgCJzYWLfUdZ5tGBN87GM8iCI4yMhJ6x9IZ13n1_gDihTey:1nRjp1:k4d3rTzW_oWPI9x3WoLOj-tFRgQmYOQrCIEdd9qQmb8",
    "expire_date": "2022-03-23T00:04:55.205Z"
  }
},
{
  "model": "api.documento",
  "pk": 2,
  "fields": {
    "nombre": "F2 NOVEMBRO",
    "expira": "2030-08-05",
    "alerta1y": false,
    "alerta6m": false,
    "alerta3m": false,
    "alerta1m": true
  }
},
{
  "model": "api.documento",
  "pk": 3,
  "fields": {
    "nombre": "F2 DEZEMBRO",
    "expira": "2025-08-06",
    "alerta1y": false,
    "alerta6m": false,
    "alerta3m": false,
    "alerta1m": true
  }
},
{
  "model": "api.documento",
  "pk": 4,
  "fields": {
    "nombre": "F2 OUTUBRO",
    "expira": "2022-01-26",
    "alerta1y": false,
    "alerta6m": false,
    "alerta3m": false,
    "alerta1m": true
  }
},
{
  "model": "api.documento",
  "pk": 5,
  "fields": {
    "nombre": "ASSINATURA",
    "expira": "2022-01-26",
    "alerta1y": false,
    "alerta6m": true,
    "alerta3m": true,
    "alerta1m": true
  }
},
{
  "model": "api.empresa",
  "pk": 1,
  "fields": {
    "created_at": "2022-03-04T03:47:30.348Z",
    "updated_at": "2022-03-04T03:52:01.081Z",
    "nome": "INFINITY DEPÓSITO"
  }
},
{
  "model": "api.empresa",
  "pk": 2,
  "fields": {
    "created_at": "2022-03-04T03:47:54.984Z",
    "updated_at": "2022-03-04T03:47:54.984Z",
    "nome": "INFINITY CENTRAL"
  }
},
{
  "model": "api.empresa",
  "pk": 3,
  "fields": {
    "created_at": "2022-03-04T03:48:26.969Z",
    "updated_at": "2022-03-04T03:48:26.969Z",
    "nome": "INFINITY ITIBAN"
  }
},
{
  "model": "api.empresa",
  "pk": 4,
  "fields": {
    "created_at": "2022-03-04T03:48:39.269Z",
    "updated_at": "2022-03-04T03:48:39.269Z",
    "nome": "INFINITY SALTO"
  }
},
{
  "model": "api.categoria",
  "pk": 1,
  "fields": {
    "descricao": "PERFUMES"
  }
},
{
  "model": "api.categoria",
  "pk": 2,
  "fields": {
    "descricao": "COZINHA"
  }
},
{
  "model": "api.categoria",
  "pk": 3,
  "fields": {
    "descricao": "BANHEIRO"
  }
},
{
  "model": "api.categoria",
  "pk": 6,
  "fields": {
    "descricao": "DECORAÇÃO"
  }
},
{
  "model": "api.categoria",
  "pk": 17,
  "fields": {
    "descricao": "ELETRÔNICOS"
  }
},
{
  "model": "api.subcategoria",
  "pk": 1,
  "fields": {
    "categoria": 2,
    "descricao": "JARRAS"
  }
},
{
  "model": "api.subcategoria",
  "pk": 2,
  "fields": {
    "categoria": 2,
    "descricao": "COPOS"
  }
},
{
  "model": "api.subcategoria",
  "pk": 3,
  "fields": {
    "categoria": 3,
    "descricao": "PORTA ESCOVA DE DENTE"
  }
},
{
  "model": "api.subcategoria",
  "pk": 4,
  "fields": {
    "categoria": 3,
    "descricao": "ESCOVA VASO SANITARIO"
  }
},
{
  "model": "api.subcategoria",
  "pk": 5,
  "fields": {
    "categoria": 2,
    "descricao": "COLHER"
  }
},
{
  "model": "api.subcategoria",
  "pk": 6,
  "fields": {
    "categoria": 3,
    "descricao": "LIXEIRA"
  }
},
{
  "model": "api.subcategoria",
  "pk": 7,
  "fields": {
    "categoria": 3,
    "descricao": "ESCCOVA"
  }
},
{
  "model": "api.subcategoria",
  "pk": 8,
  "fields": {
    "categoria": 1,
    "descricao": "IMPORTADO DA CHINA"
  }
},
{
  "model": "api.subcategoria",
  "pk": 9,
  "fields": {
    "categoria": 17,
    "descricao": "MOUSE"
  }
},
{
  "model": "api.subcategoria",
  "pk": 10,
  "fields": {
    "categoria": 17,
    "descricao": "RAQUETE"
  }
},
{
  "model": "api.subcategoria",
  "pk": 11,
  "fields": {
    "categoria": 2,
    "descricao": "AÇUCAREIRO"
  }
},
{
  "model": "api.subcategoria",
  "pk": 12,
  "fields": {
    "categoria": 2,
    "descricao": "PORTA TEMPERO"
  }
},
{
  "model": "api.subcategoria",
  "pk": 13,
  "fields": {
    "categoria": 3,
    "descricao": "ESCOVA DE BANHEIRO"
  }
},
{
  "model": "api.subcategoria",
  "pk": 14,
  "fields": {
    "categoria": 6,
    "descricao": "MENINO RESINA"
  }
},
{
  "model": "api.subcategoria",
  "pk": 15,
  "fields": {
    "categoria": 6,
    "descricao": "HALLOWIN"
  }
},
{
  "model": "api.produto",
  "pk": 1,
  "fields": {
    "codigo": "123456",
    "descricao": "DTB-130",
    "stock": 897,
    "preco": 3.5,
    "subcategoria": 4,
    "imagem": "produtos/b52925c9d7f7c87693c0cb11c6cf1224.jpg",
    "thumbnail": ""
  }
},
{
  "model": "api.produto",
  "pk": 2,
  "fields": {
    "codigo": "456",
    "descricao": "JARRA KY-130",
    "stock": 940,
    "preco": 17.0,
    "subcategoria": 1,
    "imagem": "produtos/b52925c9d7f7c87693c0cb11c6cf1224.jpg",
    "thumbnail": ""
  }
},
{
  "model": "api.produto",
  "pk": 3,
  "fields": {
    "codigo": "789",
    "descricao": "COPO BKY-350",
    "stock": 1000,
    "preco": 35.99,
    "subcategoria": 2,
    "imagem": "produtos/FAP16101079_FT02_951x600.jpg",
    "thumbnail": "produtos/FAP16101079_FT02_951x600_9r0sFs2.jpg"
  }
},
{
  "model": "api.produto",
  "pk": 4,
  "fields": {
    "codigo": "444",
    "descricao": "COLHER DE SOPA",
    "stock": 1000,
    "preco": 2.0,
    "subcategoria": 5,
    "imagem": "clientes/Colher-de-Sopa-Petropolis-Toyland-preçolandia-982539-0c.jpg",
    "thumbnail": ""
  }
},
{
  "model": "api.produto",
  "pk": 41,
  "fields": {
    "codigo": "17215",
    "descricao": "1650.00.64",
    "stock": 1000,
    "preco": 4.99,
    "subcategoria": 2,
    "imagem": "produtos/1650.00.64_FT01_1280x720.jpg",
    "thumbnail": "produtos/1650.00.64_FT01_1280x720_4lTxn0U.jpg"
  }
},
{
  "model": "api.produto",
  "pk": 42,
  "fields": {
    "codigo": "17425",
    "descricao": "2143.00.37",
    "stock": 1000,
    "preco": 3.6,
    "subcategoria": 2,
    "imagem": "produtos/2143.00.37_FT01_1280x720.jpg",
    "thumbnail": "produtos/2143.00.37_FT01_1280x720_JaO8TZJ.jpg"
  }
},
{
  "model": "api.produto",
  "pk": 43,
  "fields": {
    "codigo": "17426",
    "descricao": "2143.00.50",
    "stock": 1000,
    "preco": 3.6,
    "subcategoria": 2,
    "imagem": "produtos/2143.00.50_FT02_1280x720.jpg",
    "thumbnail": "produtos/2143.00.50_FT02_1280x720_UxWjkXY.jpg"
  }
},
{
  "model": "api.produto",
  "pk": 44,
  "fields": {
    "codigo": "17620",
    "descricao": "ACUCAREIRO 165100.68",
    "stock": 1000,
    "preco": 6.0,
    "subcategoria": 2,
    "imagem": "produtos/165100.68_FT01_1280x720.jpg",
    "thumbnail": "produtos/165100.68_FT01_1280x720_iiukT3D.jpg"
  }
},
{
  "model": "api.produto",
  "pk": 45,
  "fields": {
    "codigo": "17693",
    "descricao": "207000.73",
    "stock": 1000,
    "preco": 12.9,
    "subcategoria": 2,
    "imagem": "produtos/207000.73_FT01_1280x720.jpg",
    "thumbnail": "produtos/207000.73_FT01_1280x720_qK8k8GZ.jpg"
  }
},
{
  "model": "api.produto",
  "pk": 46,
  "fields": {
    "codigo": "17694",
    "descricao": "207000.75",
    "stock": 1000,
    "preco": 12.9,
    "subcategoria": 2,
    "imagem": "produtos/207000.75_FT02_1280x720.jpg",
    "thumbnail": "produtos/207000.75_FT02_1280x720_GGSQCyi.jpg"
  }
},
{
  "model": "api.produto",
  "pk": 47,
  "fields": {
    "codigo": "17880",
    "descricao": "223300",
    "stock": 1000,
    "preco": 12.0,
    "subcategoria": 2,
    "imagem": "produtos/223300_FT01_1280x720.jpg",
    "thumbnail": "produtos/223300_FT01_1280x720_Ll3QVET.jpg"
  }
},
{
  "model": "api.produto",
  "pk": 48,
  "fields": {
    "codigo": "23711",
    "descricao": "229800.65",
    "stock": 1000,
    "preco": 10.3,
    "subcategoria": 2,
    "imagem": "produtos/229800.65_FT01_1280x720.jpg",
    "thumbnail": "produtos/229800.65_FT01_1280x720_KDrJXGD.jpg"
  }
},
{
  "model": "api.produto",
  "pk": 49,
  "fields": {
    "codigo": "GO32",
    "descricao": "CAIXA DE SOM GO3",
    "stock": 1000,
    "preco": 350.0,
    "subcategoria": 5,
    "imagem": "produtos/loja2.jpg",
    "thumbnail": "produtos/loja2_bXfhWQR.jpg"
  }
},
{
  "model": "api.produto",
  "pk": 63,
  "fields": {
    "codigo": "Mouse 01",
    "descricao": "MOUSE LOGITECH 001",
    "stock": 1000,
    "preco": 25.99,
    "subcategoria": 9,
    "imagem": "produtos/16463511099887686170769271097193.jpg",
    "thumbnail": "produtos/16463511099887686170769271097193_QP4Z0KP.jpg"
  }
},
{
  "model": "api.produto",
  "pk": 64,
  "fields": {
    "codigo": "Rq001",
    "descricao": "RAQUETE LARANJA",
    "stock": 1000,
    "preco": 5.5,
    "subcategoria": 10,
    "imagem": "produtos/16465937017644837879002469363738.jpg",
    "thumbnail": "produtos/16465937017644837879002469363738_zuoWjML.jpg"
  }
},
{
  "model": "api.produto",
  "pk": 65,
  "fields": {
    "codigo": "16500064",
    "descricao": "AÇUCAREIRO 1650.00.64",
    "stock": 1000,
    "preco": 10.0,
    "subcategoria": 11,
    "imagem": "produtos/1650.00.64_FT01.jpg",
    "thumbnail": "produtos/1650.00.64_FT01_UNOdLvG.jpg"
  }
},
{
  "model": "api.produto",
  "pk": 66,
  "fields": {
    "codigo": "223300",
    "descricao": "AÇUCAREIRO 223300",
    "stock": 1000,
    "preco": 10.0,
    "subcategoria": 11,
    "imagem": "produtos/223300_FT04_4U5L3NG.png",
    "thumbnail": "produtos/223300_FT04_9rnY2Jd.png"
  }
},
{
  "model": "api.produto",
  "pk": 67,
  "fields": {
    "codigo": "2143.00.37",
    "descricao": "PORTA TEMPERO 2143.00.37",
    "stock": 1000,
    "preco": 10.0,
    "subcategoria": 12,
    "imagem": "produtos/2143.00.37_FT02.png",
    "thumbnail": "produtos/2143.00.37_FT02_vgUMfYk.png"
  }
},
{
  "model": "api.produto",
  "pk": 68,
  "fields": {
    "codigo": "SK-664-2",
    "descricao": "AÇUCAREIRO SK-664-2 FT02",
    "stock": 1000,
    "preco": 10.0,
    "subcategoria": 11,
    "imagem": "produtos/SK-664-2_FT02.png",
    "thumbnail": "produtos/SK-664-2_FT02_Ze3FOY0.png"
  }
},
{
  "model": "api.produto",
  "pk": 69,
  "fields": {
    "codigo": "KY-240-241",
    "descricao": "PORTA TEMPERO KY-240-241 2 BLUE + 2 GREEN",
    "stock": 1000,
    "preco": 10.0,
    "subcategoria": 12,
    "imagem": "produtos/KY-240-241_2_BLUE__2_GREEN.png",
    "thumbnail": "produtos/KY-240-241_2_BLUE__2_GREEN_PkJ3XSO.png"
  }
},
{
  "model": "api.produto",
  "pk": 70,
  "fields": {
    "codigo": "NHC3TB-1-W",
    "descricao": "ESCOVA DE BANHEIRO NHC3TB-1-W",
    "stock": 1000,
    "preco": 10.0,
    "subcategoria": 13,
    "imagem": "produtos/NHC3TB-1-W.png",
    "thumbnail": "produtos/NHC3TB-1-W_roBSGG7.png"
  }
},
{
  "model": "api.produto",
  "pk": 71,
  "fields": {
    "codigo": "4321",
    "descricao": "PRODUTO TESTE",
    "stock": 1000,
    "preco": 100.0,
    "subcategoria": 1,
    "imagem": "",
    "thumbnail": ""
  }
},
{
  "model": "api.produto",
  "pk": 72,
  "fields": {
    "codigo": "123456",
    "descricao": "TESTE",
    "stock": 1000,
    "preco": 100.0,
    "subcategoria": 11,
    "imagem": "",
    "thumbnail": ""
  }
},
{
  "model": "api.produto",
  "pk": 73,
  "fields": {
    "codigo": "teste2",
    "descricao": "TESTE2",
    "stock": 1000,
    "preco": 100.0,
    "subcategoria": 5,
    "imagem": "",
    "thumbnail": ""
  }
},
{
  "model": "api.produto",
  "pk": 74,
  "fields": {
    "codigo": "teste3",
    "descricao": "TESTE3",
    "stock": 1000,
    "preco": 1.0,
    "subcategoria": 11,
    "imagem": "",
    "thumbnail": ""
  }
},
{
  "model": "api.produto",
  "pk": 75,
  "fields": {
    "codigo": "teste4",
    "descricao": "TESTE4",
    "stock": 1000,
    "preco": 1.0,
    "subcategoria": 11,
    "imagem": "",
    "thumbnail": ""
  }
},
{
  "model": "api.produto",
  "pk": 76,
  "fields": {
    "codigo": "teste4",
    "descricao": "TESTE4",
    "stock": 1000,
    "preco": 1.0,
    "subcategoria": 11,
    "imagem": "",
    "thumbnail": ""
  }
},
{
  "model": "api.produto",
  "pk": 77,
  "fields": {
    "codigo": "teste4",
    "descricao": "TESTE4",
    "stock": 1000,
    "preco": 1.0,
    "subcategoria": 11,
    "imagem": "",
    "thumbnail": ""
  }
},
{
  "model": "api.produto",
  "pk": 78,
  "fields": {
    "codigo": "teste4",
    "descricao": "TESTE4",
    "stock": 1000,
    "preco": 1.0,
    "subcategoria": 11,
    "imagem": "",
    "thumbnail": ""
  }
},
{
  "model": "api.produto",
  "pk": 79,
  "fields": {
    "codigo": "teste4",
    "descricao": "TESTE4",
    "stock": 1000,
    "preco": 1.0,
    "subcategoria": 11,
    "imagem": "",
    "thumbnail": ""
  }
},
{
  "model": "api.produto",
  "pk": 80,
  "fields": {
    "codigo": "teste5 a",
    "descricao": "TESTE5 ALTERADO",
    "stock": 1000,
    "preco": 10.0,
    "subcategoria": 11,
    "imagem": "",
    "thumbnail": ""
  }
},
{
  "model": "api.produto",
  "pk": 81,
  "fields": {
    "codigo": "teste6",
    "descricao": "TESTE6",
    "stock": 1000,
    "preco": 200.0,
    "subcategoria": 11,
    "imagem": "produtos/teste6.png",
    "thumbnail": "produtos/teste6_thumbnail.png"
  }
},
{
  "model": "api.produto",
  "pk": 82,
  "fields": {
    "codigo": "testex",
    "descricao": "TESTEX",
    "stock": 0,
    "preco": 10.0,
    "subcategoria": 11,
    "imagem": "produtos/produtos/testex.png",
    "thumbnail": "produtos/pixlr-bg-result_3_pDX1mCf.png"
  }
},
{
  "model": "api.produto",
  "pk": 83,
  "fields": {
    "codigo": "aguabky001",
    "descricao": "AGUA MINERAL",
    "stock": 0,
    "preco": 2.5,
    "subcategoria": 11,
    "imagem": "produtos/aguabky001_9suSHsi.jpg",
    "thumbnail": "produtos/aguabky001_thumbnail_AOvhMDH.jpg"
  }
},
{
  "model": "api.estoqueempresa",
  "pk": 1,
  "fields": {
    "empresa": 2,
    "produto": 1,
    "quantidade": 9.0
  }
},
{
  "model": "api.estoqueempresa",
  "pk": 2,
  "fields": {
    "empresa": 3,
    "produto": 1,
    "quantidade": 24.0
  }
},
{
  "model": "api.estoqueempresa",
  "pk": 3,
  "fields": {
    "empresa": 4,
    "produto": 1,
    "quantidade": 999.0
  }
},
{
  "model": "api.estoqueempresa",
  "pk": 4,
  "fields": {
    "empresa": 4,
    "produto": 80,
    "quantidade": 256.0
  }
},
{
  "model": "api.estoqueempresa",
  "pk": 5,
  "fields": {
    "empresa": 4,
    "produto": 81,
    "quantidade": 0.0
  }
},
{
  "model": "api.estoqueempresa",
  "pk": 6,
  "fields": {
    "empresa": 4,
    "produto": 2,
    "quantidade": -50.0
  }
},
{
  "model": "api.estoqueempresa",
  "pk": 7,
  "fields": {
    "empresa": 2,
    "produto": 2,
    "quantidade": -1.0
  }
},
{
  "model": "api.estoqueempresa",
  "pk": 8,
  "fields": {
    "empresa": 4,
    "produto": 82,
    "quantidade": 0.0
  }
},
{
  "model": "api.estoqueempresa",
  "pk": 9,
  "fields": {
    "empresa": 4,
    "produto": 83,
    "quantidade": 0.0
  }
},
{
  "model": "api.fornecedor",
  "pk": 1,
  "fields": {
    "nome": "MONALISA",
    "telefone": "123456",
    "email": "monalisa@gmail.com"
  }
},
{
  "model": "api.fornecedor",
  "pk": 3,
  "fields": {
    "nome": "DEPÓSITO",
    "telefone": "91184783",
    "email": "Depósito@gmail.com"
  }
},
{
  "model": "api.fornecedor",
  "pk": 4,
  "fields": {
    "nome": "INFINITY",
    "telefone": "123",
    "email": "infinity@gmail.com"
  }
},
{
  "model": "api.fornecedor",
  "pk": 5,
  "fields": {
    "nome": "NUEVA AMERICANA",
    "telefone": "123456",
    "email": "nuevaamericana@gmail.com"
  }
},
{
  "model": "api.compras",
  "pk": 1,
  "fields": {
    "created_at": "2022-02-02T00:43:18.047Z",
    "updated_at": "2022-02-02T00:43:32.949Z",
    "fornecedor": 3,
    "data": "2022-02-01"
  }
},
{
  "model": "api.compras",
  "pk": 2,
  "fields": {
    "created_at": "2022-02-03T00:49:49.832Z",
    "updated_at": "2022-02-03T00:50:25.785Z",
    "fornecedor": 3,
    "data": "2022-02-03"
  }
},
{
  "model": "api.compras",
  "pk": 3,
  "fields": {
    "created_at": "2022-02-03T22:05:17.282Z",
    "updated_at": "2022-02-03T22:05:57.778Z",
    "fornecedor": 3,
    "data": "2022-02-03"
  }
},
{
  "model": "api.comprasdetalhe",
  "pk": 1,
  "fields": {
    "created_at": "2022-02-02T00:43:18.493Z",
    "updated_at": "2022-02-02T00:43:18.493Z",
    "compra": 1,
    "produto": 1,
    "quantidade": 10,
    "preco": 10.0,
    "desconto": 0.0
  }
},
{
  "model": "api.comprasdetalhe",
  "pk": 2,
  "fields": {
    "created_at": "2022-02-02T00:43:33.330Z",
    "updated_at": "2022-02-02T00:43:33.330Z",
    "compra": 1,
    "produto": 3,
    "quantidade": 5,
    "preco": 6.0,
    "desconto": 0.0
  }
},
{
  "model": "api.comprasdetalhe",
  "pk": 3,
  "fields": {
    "created_at": "2022-02-03T00:49:50.334Z",
    "updated_at": "2022-02-03T00:49:50.334Z",
    "compra": 2,
    "produto": 2,
    "quantidade": 24,
    "preco": 15.0,
    "desconto": 0.0
  }
},
{
  "model": "api.comprasdetalhe",
  "pk": 4,
  "fields": {
    "created_at": "2022-02-03T00:50:26.150Z",
    "updated_at": "2022-02-03T00:50:26.150Z",
    "compra": 2,
    "produto": 1,
    "quantidade": 12,
    "preco": 3.0,
    "desconto": 0.0
  }
},
{
  "model": "api.comprasdetalhe",
  "pk": 5,
  "fields": {
    "created_at": "2022-02-03T22:05:18.308Z",
    "updated_at": "2022-02-03T22:05:18.308Z",
    "compra": 3,
    "produto": 4,
    "quantidade": 100,
    "preco": 10.0,
    "desconto": 0.0
  }
},
{
  "model": "api.comprasdetalhe",
  "pk": 6,
  "fields": {
    "created_at": "2022-02-03T22:05:33.913Z",
    "updated_at": "2022-02-03T22:05:33.913Z",
    "compra": 3,
    "produto": 3,
    "quantidade": 100,
    "preco": 10.0,
    "desconto": 0.0
  }
},
{
  "model": "api.comprasdetalhe",
  "pk": 7,
  "fields": {
    "created_at": "2022-02-03T22:05:46.021Z",
    "updated_at": "2022-02-03T22:05:46.021Z",
    "compra": 3,
    "produto": 1,
    "quantidade": 100,
    "preco": 10.0,
    "desconto": 0.0
  }
},
{
  "model": "api.comprasdetalhe",
  "pk": 8,
  "fields": {
    "created_at": "2022-02-03T22:05:58.579Z",
    "updated_at": "2022-02-03T22:05:58.579Z",
    "compra": 3,
    "produto": 2,
    "quantidade": 100,
    "preco": 10.0,
    "desconto": 0.0
  }
},
{
  "model": "api.comprasdetalhe",
  "pk": 9,
  "fields": {
    "created_at": "2022-03-10T22:49:08.459Z",
    "updated_at": "2022-03-10T22:49:08.460Z",
    "compra": 1,
    "produto": 1,
    "quantidade": 100,
    "preco": 10.0,
    "desconto": 0.0
  }
},
{
  "model": "api.cliente",
  "pk": 1,
  "fields": {
    "nome": "SILVIO COELHO",
    "telefone": "91184783",
    "email": "conejofoz@gmail.com",
    "estado": true,
    "imagem": "clientes/silviao.jpg"
  }
},
{
  "model": "api.cliente",
  "pk": 10,
  "fields": {
    "nome": "VERNO DUPONT",
    "telefone": null,
    "email": null,
    "estado": false,
    "imagem": "clientes/biz-125-ks-prata-gasolina-manual-278112-obusca-4f3f3d90393e8f44df3326651c056ddfg.jpg"
  }
},
{
  "model": "api.cliente",
  "pk": 29,
  "fields": {
    "nome": "SERGIO MORO",
    "telefone": "null",
    "email": "null",
    "estado": true,
    "imagem": "clientes/moro.jfif"
  }
},
{
  "model": "api.cliente",
  "pk": 30,
  "fields": {
    "nome": "JOÃO DÓRIA",
    "telefone": "123456",
    "email": "joaodoria@gmai.com",
    "estado": true,
    "imagem": "clientes/moro_RP8feH0.jfif"
  }
},
{
  "model": "api.cliente",
  "pk": 31,
  "fields": {
    "nome": "ADAMASTOR PITAGORAS",
    "telefone": "11111111111111111111",
    "email": "adamastor@gmail.com",
    "estado": false,
    "imagem": ""
  }
},
{
  "model": "api.cliente",
  "pk": 32,
  "fields": {
    "nome": "TESTE",
    "telefone": "124",
    "email": "Teste@teste.com",
    "estado": false,
    "imagem": ""
  }
},
{
  "model": "api.venda",
  "pk": 1,
  "fields": {
    "created_at": "2022-02-12T19:27:46.316Z",
    "updated_at": "2022-02-13T20:51:37.192Z",
    "cliente": 1,
    "empresa": 1,
    "data": "2012-02-20",
    "total": 0.0,
    "paga": false
  }
},
{
  "model": "api.venda",
  "pk": 2,
  "fields": {
    "created_at": "2022-02-12T19:29:13.998Z",
    "updated_at": "2022-02-12T19:29:13.998Z",
    "cliente": 1,
    "empresa": 1,
    "data": "2022-02-12",
    "total": 0.0,
    "paga": false
  }
},
{
  "model": "api.venda",
  "pk": 3,
  "fields": {
    "created_at": "2022-02-12T19:30:33.903Z",
    "updated_at": "2022-02-12T19:30:33.903Z",
    "cliente": 1,
    "empresa": 1,
    "data": "2022-02-12",
    "total": 0.0,
    "paga": false
  }
},
{
  "model": "api.venda",
  "pk": 4,
  "fields": {
    "created_at": "2022-02-12T19:32:52.829Z",
    "updated_at": "2022-02-12T21:58:47.640Z",
    "cliente": 1,
    "empresa": 1,
    "data": "2022-02-12",
    "total": 0.0,
    "paga": false
  }
},
{
  "model": "api.venda",
  "pk": 5,
  "fields": {
    "created_at": "2022-02-12T19:50:25.445Z",
    "updated_at": "2022-02-12T19:50:25.446Z",
    "cliente": 1,
    "empresa": 1,
    "data": "2022-02-12",
    "total": 0.0,
    "paga": false
  }
},
{
  "model": "api.venda",
  "pk": 6,
  "fields": {
    "created_at": "2022-02-12T22:01:15.465Z",
    "updated_at": "2022-02-12T22:01:30.430Z",
    "cliente": 1,
    "empresa": 1,
    "data": "2022-02-12",
    "total": 0.0,
    "paga": false
  }
},
{
  "model": "api.venda",
  "pk": 7,
  "fields": {
    "created_at": "2022-02-12T22:11:19.548Z",
    "updated_at": "2022-02-12T22:12:15.340Z",
    "cliente": 1,
    "empresa": 1,
    "data": "2022-02-12",
    "total": 0.0,
    "paga": false
  }
},
{
  "model": "api.venda",
  "pk": 8,
  "fields": {
    "created_at": "2022-02-12T22:15:56.377Z",
    "updated_at": "2022-02-12T22:16:36.773Z",
    "cliente": 1,
    "empresa": 1,
    "data": "2022-02-12",
    "total": 0.0,
    "paga": false
  }
},
{
  "model": "api.venda",
  "pk": 9,
  "fields": {
    "created_at": "2022-02-12T22:24:50.470Z",
    "updated_at": "2022-02-12T22:26:07.214Z",
    "cliente": 1,
    "empresa": 1,
    "data": "2022-02-12",
    "total": 0.0,
    "paga": false
  }
},
{
  "model": "api.venda",
  "pk": 10,
  "fields": {
    "created_at": "2022-02-12T23:21:50.563Z",
    "updated_at": "2022-02-13T20:34:09.716Z",
    "cliente": 1,
    "empresa": 1,
    "data": "2022-02-12",
    "total": 0.0,
    "paga": false
  }
},
{
  "model": "api.venda",
  "pk": 11,
  "fields": {
    "created_at": "2022-02-13T00:04:22.028Z",
    "updated_at": "2022-02-13T00:04:22.028Z",
    "cliente": 1,
    "empresa": 1,
    "data": "2022-02-12",
    "total": 0.0,
    "paga": false
  }
},
{
  "model": "api.venda",
  "pk": 12,
  "fields": {
    "created_at": "2022-02-13T01:02:59.214Z",
    "updated_at": "2022-02-13T01:05:28.869Z",
    "cliente": 1,
    "empresa": 1,
    "data": "2022-02-12",
    "total": 0.0,
    "paga": false
  }
},
{
  "model": "api.venda",
  "pk": 13,
  "fields": {
    "created_at": "2022-02-13T01:40:25.807Z",
    "updated_at": "2022-02-13T01:40:48.145Z",
    "cliente": 1,
    "empresa": 1,
    "data": "2022-02-12",
    "total": 0.0,
    "paga": false
  }
},
{
  "model": "api.venda",
  "pk": 14,
  "fields": {
    "created_at": "2022-02-13T01:53:33.001Z",
    "updated_at": "2022-02-13T01:54:04.418Z",
    "cliente": 1,
    "empresa": 1,
    "data": "2022-02-12",
    "total": 0.0,
    "paga": false
  }
},
{
  "model": "api.venda",
  "pk": 15,
  "fields": {
    "created_at": "2022-02-13T01:55:43.685Z",
    "updated_at": "2022-02-13T01:55:43.685Z",
    "cliente": 1,
    "empresa": 1,
    "data": "2022-02-12",
    "total": 0.0,
    "paga": false
  }
},
{
  "model": "api.venda",
  "pk": 16,
  "fields": {
    "created_at": "2022-02-13T01:57:58.043Z",
    "updated_at": "2022-02-13T01:57:58.043Z",
    "cliente": 29,
    "empresa": 1,
    "data": "2022-02-12",
    "total": 0.0,
    "paga": false
  }
},
{
  "model": "api.venda",
  "pk": 17,
  "fields": {
    "created_at": "2022-02-13T20:34:56.277Z",
    "updated_at": "2022-02-13T20:34:56.277Z",
    "cliente": 1,
    "empresa": 1,
    "data": "2022-02-13",
    "total": 0.0,
    "paga": false
  }
},
{
  "model": "api.venda",
  "pk": 18,
  "fields": {
    "created_at": "2022-02-13T20:52:23.974Z",
    "updated_at": "2022-02-13T21:02:30.176Z",
    "cliente": 1,
    "empresa": 1,
    "data": "2020-02-20",
    "total": 0.0,
    "paga": false
  }
},
{
  "model": "api.venda",
  "pk": 19,
  "fields": {
    "created_at": "2022-02-13T21:04:28.371Z",
    "updated_at": "2022-02-13T21:04:28.371Z",
    "cliente": 1,
    "empresa": 1,
    "data": "2022-02-13",
    "total": 0.0,
    "paga": false
  }
},
{
  "model": "api.venda",
  "pk": 20,
  "fields": {
    "created_at": "2022-02-14T21:14:44.194Z",
    "updated_at": "2022-02-14T21:15:13.028Z",
    "cliente": 1,
    "empresa": 1,
    "data": "2022-02-14",
    "total": 0.0,
    "paga": false
  }
},
{
  "model": "api.venda",
  "pk": 21,
  "fields": {
    "created_at": "2022-02-15T01:21:16.049Z",
    "updated_at": "2022-02-15T01:22:03.079Z",
    "cliente": 1,
    "empresa": 1,
    "data": "2022-02-14",
    "total": 0.0,
    "paga": false
  }
},
{
  "model": "api.venda",
  "pk": 22,
  "fields": {
    "created_at": "2022-02-15T22:32:03.184Z",
    "updated_at": "2022-02-15T22:32:14.585Z",
    "cliente": 1,
    "empresa": 1,
    "data": "2022-02-15",
    "total": 0.0,
    "paga": false
  }
},
{
  "model": "api.venda",
  "pk": 23,
  "fields": {
    "created_at": "2022-02-18T20:49:08.748Z",
    "updated_at": "2022-02-18T20:49:08.748Z",
    "cliente": 1,
    "empresa": 1,
    "data": "2022-02-18",
    "total": 0.0,
    "paga": false
  }
},
{
  "model": "api.venda",
  "pk": 24,
  "fields": {
    "created_at": "2022-02-18T20:54:00.860Z",
    "updated_at": "2022-02-18T20:54:00.860Z",
    "cliente": 1,
    "empresa": 1,
    "data": "2022-02-18",
    "total": 0.0,
    "paga": false
  }
},
{
  "model": "api.venda",
  "pk": 25,
  "fields": {
    "created_at": "2022-02-18T20:57:14.016Z",
    "updated_at": "2022-02-18T20:57:14.016Z",
    "cliente": 1,
    "empresa": 1,
    "data": "2022-02-18",
    "total": 0.0,
    "paga": false
  }
},
{
  "model": "api.venda",
  "pk": 26,
  "fields": {
    "created_at": "2022-02-18T20:59:27.355Z",
    "updated_at": "2022-02-18T20:59:27.355Z",
    "cliente": 1,
    "empresa": 1,
    "data": "2022-02-18",
    "total": 0.0,
    "paga": false
  }
},
{
  "model": "api.venda",
  "pk": 27,
  "fields": {
    "created_at": "2022-02-18T21:05:24.769Z",
    "updated_at": "2022-02-18T21:05:24.769Z",
    "cliente": 1,
    "empresa": 1,
    "data": "2022-02-18",
    "total": 0.0,
    "paga": false
  }
},
{
  "model": "api.venda",
  "pk": 28,
  "fields": {
    "created_at": "2022-02-18T21:05:38.613Z",
    "updated_at": "2022-02-18T21:05:38.613Z",
    "cliente": 1,
    "empresa": 1,
    "data": "2022-02-18",
    "total": 0.0,
    "paga": false
  }
},
{
  "model": "api.venda",
  "pk": 29,
  "fields": {
    "created_at": "2022-02-18T21:07:25.174Z",
    "updated_at": "2022-02-18T21:07:25.174Z",
    "cliente": 1,
    "empresa": 1,
    "data": "2022-02-18",
    "total": 0.0,
    "paga": false
  }
},
{
  "model": "api.venda",
  "pk": 30,
  "fields": {
    "created_at": "2022-02-18T21:23:24.475Z",
    "updated_at": "2022-02-18T21:23:24.475Z",
    "cliente": 1,
    "empresa": 1,
    "data": "2022-02-18",
    "total": 0.0,
    "paga": false
  }
},
{
  "model": "api.venda",
  "pk": 31,
  "fields": {
    "created_at": "2022-02-18T21:24:14.112Z",
    "updated_at": "2022-02-18T21:24:14.112Z",
    "cliente": 1,
    "empresa": 1,
    "data": "2022-02-18",
    "total": 0.0,
    "paga": false
  }
},
{
  "model": "api.venda",
  "pk": 32,
  "fields": {
    "created_at": "2022-02-18T21:25:07.530Z",
    "updated_at": "2022-02-18T21:25:07.530Z",
    "cliente": 1,
    "empresa": 1,
    "data": "2022-02-18",
    "total": 0.0,
    "paga": false
  }
},
{
  "model": "api.venda",
  "pk": 33,
  "fields": {
    "created_at": "2022-02-19T00:16:32.454Z",
    "updated_at": "2022-02-19T00:16:32.454Z",
    "cliente": 1,
    "empresa": 1,
    "data": "2022-02-18",
    "total": 0.0,
    "paga": false
  }
},
{
  "model": "api.venda",
  "pk": 34,
  "fields": {
    "created_at": "2022-02-19T00:18:20.501Z",
    "updated_at": "2022-02-19T00:18:20.501Z",
    "cliente": 1,
    "empresa": 1,
    "data": "2022-02-18",
    "total": 0.0,
    "paga": false
  }
},
{
  "model": "api.venda",
  "pk": 35,
  "fields": {
    "created_at": "2022-02-19T00:23:37.215Z",
    "updated_at": "2022-02-19T00:23:37.215Z",
    "cliente": 1,
    "empresa": 1,
    "data": "2022-02-18",
    "total": 0.0,
    "paga": false
  }
},
{
  "model": "api.venda",
  "pk": 36,
  "fields": {
    "created_at": "2022-02-19T00:24:38.314Z",
    "updated_at": "2022-02-19T00:24:38.314Z",
    "cliente": 1,
    "empresa": 1,
    "data": "2022-02-18",
    "total": 0.0,
    "paga": false
  }
},
{
  "model": "api.venda",
  "pk": 37,
  "fields": {
    "created_at": "2022-02-19T00:27:57.875Z",
    "updated_at": "2022-02-19T00:27:57.876Z",
    "cliente": 1,
    "empresa": 1,
    "data": "2022-02-18",
    "total": 0.0,
    "paga": false
  }
},
{
  "model": "api.venda",
  "pk": 38,
  "fields": {
    "created_at": "2022-02-19T00:31:39.312Z",
    "updated_at": "2022-02-19T00:31:39.312Z",
    "cliente": 1,
    "empresa": 1,
    "data": "2022-02-18",
    "total": 0.0,
    "paga": false
  }
},
{
  "model": "api.venda",
  "pk": 39,
  "fields": {
    "created_at": "2022-02-19T00:33:23.983Z",
    "updated_at": "2022-02-19T00:33:23.983Z",
    "cliente": 1,
    "empresa": 1,
    "data": "2022-02-18",
    "total": 0.0,
    "paga": false
  }
},
{
  "model": "api.venda",
  "pk": 40,
  "fields": {
    "created_at": "2022-02-19T00:35:37.977Z",
    "updated_at": "2022-02-19T00:35:37.977Z",
    "cliente": 1,
    "empresa": 1,
    "data": "2022-02-18",
    "total": 0.0,
    "paga": false
  }
},
{
  "model": "api.venda",
  "pk": 41,
  "fields": {
    "created_at": "2022-02-19T00:36:18.994Z",
    "updated_at": "2022-02-19T00:36:18.994Z",
    "cliente": 1,
    "empresa": 1,
    "data": "2022-02-18",
    "total": 0.0,
    "paga": false
  }
},
{
  "model": "api.venda",
  "pk": 42,
  "fields": {
    "created_at": "2022-02-19T00:37:30.526Z",
    "updated_at": "2022-02-19T00:37:30.526Z",
    "cliente": 1,
    "empresa": 1,
    "data": "2022-02-18",
    "total": 0.0,
    "paga": false
  }
},
{
  "model": "api.venda",
  "pk": 43,
  "fields": {
    "created_at": "2022-02-19T00:39:04.453Z",
    "updated_at": "2022-02-19T00:39:04.453Z",
    "cliente": 1,
    "empresa": 1,
    "data": "2022-02-18",
    "total": 0.0,
    "paga": false
  }
},
{
  "model": "api.venda",
  "pk": 44,
  "fields": {
    "created_at": "2022-02-19T00:40:26.130Z",
    "updated_at": "2022-02-19T00:40:46.130Z",
    "cliente": 1,
    "empresa": 1,
    "data": "2022-02-18",
    "total": 0.0,
    "paga": false
  }
},
{
  "model": "api.venda",
  "pk": 45,
  "fields": {
    "created_at": "2022-02-19T00:42:01.168Z",
    "updated_at": "2022-02-19T00:42:01.168Z",
    "cliente": 1,
    "empresa": 1,
    "data": "2022-02-18",
    "total": 0.0,
    "paga": false
  }
},
{
  "model": "api.venda",
  "pk": 46,
  "fields": {
    "created_at": "2022-02-19T00:42:44.035Z",
    "updated_at": "2022-02-19T00:42:44.035Z",
    "cliente": 1,
    "empresa": 1,
    "data": "2022-02-18",
    "total": 0.0,
    "paga": false
  }
},
{
  "model": "api.venda",
  "pk": 47,
  "fields": {
    "created_at": "2022-02-19T00:46:05.602Z",
    "updated_at": "2022-02-19T00:46:05.602Z",
    "cliente": 1,
    "empresa": 1,
    "data": "2022-02-18",
    "total": 0.0,
    "paga": false
  }
},
{
  "model": "api.venda",
  "pk": 48,
  "fields": {
    "created_at": "2022-02-19T00:47:05.863Z",
    "updated_at": "2022-02-19T00:47:05.863Z",
    "cliente": 1,
    "empresa": 1,
    "data": "2022-02-18",
    "total": 0.0,
    "paga": false
  }
},
{
  "model": "api.venda",
  "pk": 49,
  "fields": {
    "created_at": "2022-02-19T00:47:57.991Z",
    "updated_at": "2022-02-19T00:47:57.991Z",
    "cliente": 1,
    "empresa": 1,
    "data": "2022-02-18",
    "total": 0.0,
    "paga": false
  }
},
{
  "model": "api.venda",
  "pk": 50,
  "fields": {
    "created_at": "2022-02-19T00:52:00.623Z",
    "updated_at": "2022-02-19T00:52:00.624Z",
    "cliente": 1,
    "empresa": 1,
    "data": "2022-02-18",
    "total": 0.0,
    "paga": false
  }
},
{
  "model": "api.venda",
  "pk": 51,
  "fields": {
    "created_at": "2022-02-19T00:52:54.732Z",
    "updated_at": "2022-02-19T00:52:54.732Z",
    "cliente": 1,
    "empresa": 1,
    "data": "2022-02-18",
    "total": 0.0,
    "paga": false
  }
},
{
  "model": "api.venda",
  "pk": 52,
  "fields": {
    "created_at": "2022-02-19T01:02:38.299Z",
    "updated_at": "2022-02-19T01:02:38.299Z",
    "cliente": 1,
    "empresa": 1,
    "data": "2022-02-18",
    "total": 0.0,
    "paga": false
  }
},
{
  "model": "api.venda",
  "pk": 53,
  "fields": {
    "created_at": "2022-02-19T01:05:41.303Z",
    "updated_at": "2022-02-19T01:05:55.373Z",
    "cliente": 1,
    "empresa": 1,
    "data": "2022-02-18",
    "total": 0.0,
    "paga": false
  }
},
{
  "model": "api.venda",
  "pk": 54,
  "fields": {
    "created_at": "2022-02-19T01:07:51.756Z",
    "updated_at": "2022-02-19T01:07:51.757Z",
    "cliente": 1,
    "empresa": 1,
    "data": "2022-02-18",
    "total": 0.0,
    "paga": false
  }
},
{
  "model": "api.venda",
  "pk": 55,
  "fields": {
    "created_at": "2022-02-19T01:09:13.925Z",
    "updated_at": "2022-02-19T01:09:13.925Z",
    "cliente": 1,
    "empresa": 1,
    "data": "2022-02-18",
    "total": 0.0,
    "paga": false
  }
},
{
  "model": "api.venda",
  "pk": 56,
  "fields": {
    "created_at": "2022-02-19T01:10:52.371Z",
    "updated_at": "2022-02-19T01:10:52.371Z",
    "cliente": 1,
    "empresa": 1,
    "data": "2022-02-18",
    "total": 0.0,
    "paga": false
  }
},
{
  "model": "api.venda",
  "pk": 57,
  "fields": {
    "created_at": "2022-02-19T01:19:14.021Z",
    "updated_at": "2022-02-19T01:19:14.021Z",
    "cliente": 1,
    "empresa": 1,
    "data": "2022-02-18",
    "total": 0.0,
    "paga": false
  }
},
{
  "model": "api.venda",
  "pk": 58,
  "fields": {
    "created_at": "2022-02-19T01:24:35.731Z",
    "updated_at": "2022-02-19T01:24:35.731Z",
    "cliente": 1,
    "empresa": 1,
    "data": "2022-02-18",
    "total": 0.0,
    "paga": false
  }
},
{
  "model": "api.venda",
  "pk": 59,
  "fields": {
    "created_at": "2022-02-19T23:07:14.528Z",
    "updated_at": "2022-02-19T23:07:14.529Z",
    "cliente": 1,
    "empresa": 1,
    "data": "2022-02-19",
    "total": 0.0,
    "paga": false
  }
},
{
  "model": "api.venda",
  "pk": 60,
  "fields": {
    "created_at": "2022-02-20T16:22:08.300Z",
    "updated_at": "2022-02-20T16:22:08.300Z",
    "cliente": 1,
    "empresa": 1,
    "data": "2022-02-20",
    "total": 0.0,
    "paga": false
  }
},
{
  "model": "api.venda",
  "pk": 61,
  "fields": {
    "created_at": "2022-02-20T17:33:22.000Z",
    "updated_at": "2022-02-20T17:33:22.000Z",
    "cliente": 1,
    "empresa": 1,
    "data": "2022-02-20",
    "total": 0.0,
    "paga": false
  }
},
{
  "model": "api.venda",
  "pk": 62,
  "fields": {
    "created_at": "2022-02-20T18:28:18.746Z",
    "updated_at": "2022-02-20T18:28:18.746Z",
    "cliente": 1,
    "empresa": 1,
    "data": "2022-02-20",
    "total": 0.0,
    "paga": false
  }
},
{
  "model": "api.venda",
  "pk": 63,
  "fields": {
    "created_at": "2022-02-20T18:33:32.978Z",
    "updated_at": "2022-02-20T18:34:31.298Z",
    "cliente": 1,
    "empresa": 1,
    "data": "2022-02-20",
    "total": 0.0,
    "paga": false
  }
},
{
  "model": "api.venda",
  "pk": 64,
  "fields": {
    "created_at": "2022-02-20T18:36:36.961Z",
    "updated_at": "2022-02-20T18:36:36.961Z",
    "cliente": 1,
    "empresa": 1,
    "data": "2022-02-20",
    "total": 0.0,
    "paga": false
  }
},
{
  "model": "api.venda",
  "pk": 65,
  "fields": {
    "created_at": "2022-02-20T18:42:15.324Z",
    "updated_at": "2022-02-20T18:42:15.324Z",
    "cliente": 1,
    "empresa": 1,
    "data": "2022-02-20",
    "total": 0.0,
    "paga": false
  }
},
{
  "model": "api.venda",
  "pk": 66,
  "fields": {
    "created_at": "2022-02-20T18:56:21.624Z",
    "updated_at": "2022-02-20T18:56:21.624Z",
    "cliente": 1,
    "empresa": 1,
    "data": "2022-02-20",
    "total": 0.0,
    "paga": false
  }
},
{
  "model": "api.venda",
  "pk": 67,
  "fields": {
    "created_at": "2022-02-20T18:57:48.898Z",
    "updated_at": "2022-02-20T18:57:48.898Z",
    "cliente": 1,
    "empresa": 1,
    "data": "2022-02-20",
    "total": 0.0,
    "paga": false
  }
},
{
  "model": "api.venda",
  "pk": 68,
  "fields": {
    "created_at": "2022-02-20T19:06:29.964Z",
    "updated_at": "2022-02-20T19:06:29.964Z",
    "cliente": 1,
    "empresa": 1,
    "data": "2022-02-20",
    "total": 0.0,
    "paga": false
  }
},
{
  "model": "api.venda",
  "pk": 69,
  "fields": {
    "created_at": "2022-02-20T19:14:06.903Z",
    "updated_at": "2022-02-20T19:14:06.903Z",
    "cliente": 1,
    "empresa": 1,
    "data": "2022-02-20",
    "total": 0.0,
    "paga": false
  }
},
{
  "model": "api.venda",
  "pk": 70,
  "fields": {
    "created_at": "2022-02-20T19:14:48.150Z",
    "updated_at": "2022-02-20T19:14:48.150Z",
    "cliente": 1,
    "empresa": 1,
    "data": "2022-02-20",
    "total": 0.0,
    "paga": false
  }
},
{
  "model": "api.venda",
  "pk": 71,
  "fields": {
    "created_at": "2022-02-20T19:15:39.973Z",
    "updated_at": "2022-02-20T19:15:39.973Z",
    "cliente": 1,
    "empresa": 1,
    "data": "2022-02-20",
    "total": 0.0,
    "paga": false
  }
},
{
  "model": "api.venda",
  "pk": 72,
  "fields": {
    "created_at": "2022-02-20T19:16:17.465Z",
    "updated_at": "2022-02-20T19:16:17.465Z",
    "cliente": 1,
    "empresa": 1,
    "data": "2022-02-20",
    "total": 0.0,
    "paga": false
  }
},
{
  "model": "api.venda",
  "pk": 73,
  "fields": {
    "created_at": "2022-02-20T19:17:22.918Z",
    "updated_at": "2022-02-20T19:17:22.918Z",
    "cliente": 1,
    "empresa": 1,
    "data": "2022-02-20",
    "total": 0.0,
    "paga": false
  }
},
{
  "model": "api.venda",
  "pk": 74,
  "fields": {
    "created_at": "2022-02-20T19:19:49.330Z",
    "updated_at": "2022-02-20T19:19:49.330Z",
    "cliente": 1,
    "empresa": 1,
    "data": "2022-02-20",
    "total": 0.0,
    "paga": false
  }
},
{
  "model": "api.venda",
  "pk": 75,
  "fields": {
    "created_at": "2022-02-20T19:21:31.493Z",
    "updated_at": "2022-02-20T19:21:31.495Z",
    "cliente": 1,
    "empresa": 1,
    "data": "2022-02-20",
    "total": 0.0,
    "paga": false
  }
},
{
  "model": "api.venda",
  "pk": 76,
  "fields": {
    "created_at": "2022-02-20T19:23:50.953Z",
    "updated_at": "2022-02-20T19:23:50.953Z",
    "cliente": 1,
    "empresa": 1,
    "data": "2022-02-20",
    "total": 0.0,
    "paga": false
  }
},
{
  "model": "api.venda",
  "pk": 77,
  "fields": {
    "created_at": "2022-02-20T19:26:30.203Z",
    "updated_at": "2022-02-20T19:26:30.203Z",
    "cliente": 1,
    "empresa": 1,
    "data": "2022-02-20",
    "total": 0.0,
    "paga": false
  }
},
{
  "model": "api.venda",
  "pk": 78,
  "fields": {
    "created_at": "2022-02-20T19:29:46.967Z",
    "updated_at": "2022-02-20T19:29:46.968Z",
    "cliente": 1,
    "empresa": 1,
    "data": "2022-02-20",
    "total": 0.0,
    "paga": false
  }
},
{
  "model": "api.venda",
  "pk": 79,
  "fields": {
    "created_at": "2022-02-20T19:38:09.733Z",
    "updated_at": "2022-02-20T19:38:09.733Z",
    "cliente": 1,
    "empresa": 1,
    "data": "2022-02-20",
    "total": 0.0,
    "paga": false
  }
},
{
  "model": "api.venda",
  "pk": 80,
  "fields": {
    "created_at": "2022-02-20T19:43:17.697Z",
    "updated_at": "2022-02-20T19:43:17.697Z",
    "cliente": 1,
    "empresa": 1,
    "data": "2022-02-20",
    "total": 0.0,
    "paga": false
  }
},
{
  "model": "api.venda",
  "pk": 81,
  "fields": {
    "created_at": "2022-02-20T19:49:51.025Z",
    "updated_at": "2022-02-20T19:49:51.025Z",
    "cliente": 1,
    "empresa": 1,
    "data": "2022-02-20",
    "total": 0.0,
    "paga": false
  }
},
{
  "model": "api.venda",
  "pk": 82,
  "fields": {
    "created_at": "2022-02-20T19:53:46.975Z",
    "updated_at": "2022-02-20T19:56:49.817Z",
    "cliente": 1,
    "empresa": 1,
    "data": "2022-02-20",
    "total": 0.0,
    "paga": false
  }
},
{
  "model": "api.venda",
  "pk": 83,
  "fields": {
    "created_at": "2022-02-20T20:53:32.724Z",
    "updated_at": "2022-02-20T20:53:32.725Z",
    "cliente": 1,
    "empresa": 1,
    "data": "2022-02-20",
    "total": 0.0,
    "paga": false
  }
},
{
  "model": "api.venda",
  "pk": 84,
  "fields": {
    "created_at": "2022-02-21T02:38:05.439Z",
    "updated_at": "2022-02-21T02:38:05.439Z",
    "cliente": 1,
    "empresa": 1,
    "data": "2022-02-20",
    "total": 0.0,
    "paga": false
  }
},
{
  "model": "api.venda",
  "pk": 85,
  "fields": {
    "created_at": "2022-02-25T01:48:30.506Z",
    "updated_at": "2022-02-25T01:48:30.506Z",
    "cliente": 1,
    "empresa": 1,
    "data": "2022-02-24",
    "total": 0.0,
    "paga": false
  }
},
{
  "model": "api.venda",
  "pk": 86,
  "fields": {
    "created_at": "2022-02-25T02:01:32.662Z",
    "updated_at": "2022-02-25T02:01:32.662Z",
    "cliente": 1,
    "empresa": 1,
    "data": "2022-02-24",
    "total": 0.0,
    "paga": false
  }
},
{
  "model": "api.venda",
  "pk": 87,
  "fields": {
    "created_at": "2022-02-25T03:04:28.739Z",
    "updated_at": "2022-02-25T03:04:28.741Z",
    "cliente": 1,
    "empresa": 1,
    "data": "2022-02-25",
    "total": 0.0,
    "paga": false
  }
},
{
  "model": "api.venda",
  "pk": 88,
  "fields": {
    "created_at": "2022-02-25T03:43:08.434Z",
    "updated_at": "2022-02-25T03:43:08.434Z",
    "cliente": 1,
    "empresa": 1,
    "data": "2022-02-25",
    "total": 0.0,
    "paga": false
  }
},
{
  "model": "api.venda",
  "pk": 89,
  "fields": {
    "created_at": "2022-02-25T03:55:23.179Z",
    "updated_at": "2022-02-25T03:55:23.180Z",
    "cliente": 1,
    "empresa": 1,
    "data": "2022-02-25",
    "total": 0.0,
    "paga": false
  }
},
{
  "model": "api.venda",
  "pk": 90,
  "fields": {
    "created_at": "2022-02-25T04:12:15.070Z",
    "updated_at": "2022-02-25T04:12:15.070Z",
    "cliente": 1,
    "empresa": 1,
    "data": "2022-02-25",
    "total": 0.0,
    "paga": false
  }
},
{
  "model": "api.venda",
  "pk": 91,
  "fields": {
    "created_at": "2022-02-25T04:17:36.199Z",
    "updated_at": "2022-02-26T22:23:41.158Z",
    "cliente": 29,
    "empresa": 1,
    "data": "2022-02-25",
    "total": 0.0,
    "paga": false
  }
},
{
  "model": "api.venda",
  "pk": 92,
  "fields": {
    "created_at": "2022-02-25T05:03:25.716Z",
    "updated_at": "2022-02-25T05:03:25.716Z",
    "cliente": 1,
    "empresa": 1,
    "data": "2022-02-25",
    "total": 0.0,
    "paga": false
  }
},
{
  "model": "api.venda",
  "pk": 93,
  "fields": {
    "created_at": "2022-02-26T12:39:14.939Z",
    "updated_at": "2022-02-26T12:39:14.939Z",
    "cliente": 1,
    "empresa": 1,
    "data": "2022-02-26",
    "total": 0.0,
    "paga": false
  }
},
{
  "model": "api.venda",
  "pk": 94,
  "fields": {
    "created_at": "2022-02-26T15:01:39.905Z",
    "updated_at": "2022-02-26T15:01:39.905Z",
    "cliente": 1,
    "empresa": 1,
    "data": "2022-02-26",
    "total": 0.0,
    "paga": false
  }
},
{
  "model": "api.venda",
  "pk": 95,
  "fields": {
    "created_at": "2022-02-26T20:28:57.882Z",
    "updated_at": "2022-02-26T20:28:57.882Z",
    "cliente": 1,
    "empresa": 1,
    "data": "2022-02-26",
    "total": 0.0,
    "paga": false
  }
},
{
  "model": "api.venda",
  "pk": 96,
  "fields": {
    "created_at": "2022-02-26T21:36:47.305Z",
    "updated_at": "2022-02-26T21:36:47.305Z",
    "cliente": 1,
    "empresa": 1,
    "data": "2022-02-26",
    "total": 0.0,
    "paga": false
  }
},
{
  "model": "api.venda",
  "pk": 97,
  "fields": {
    "created_at": "2022-02-26T21:41:23.764Z",
    "updated_at": "2022-02-26T21:41:23.764Z",
    "cliente": 1,
    "empresa": 1,
    "data": "2022-02-26",
    "total": 0.0,
    "paga": false
  }
},
{
  "model": "api.venda",
  "pk": 98,
  "fields": {
    "created_at": "2022-02-26T22:17:21.147Z",
    "updated_at": "2022-02-26T22:17:21.148Z",
    "cliente": 1,
    "empresa": 1,
    "data": "2022-02-26",
    "total": 0.0,
    "paga": false
  }
},
{
  "model": "api.venda",
  "pk": 99,
  "fields": {
    "created_at": "2022-02-26T22:19:55.630Z",
    "updated_at": "2022-02-26T22:19:55.630Z",
    "cliente": 29,
    "empresa": 1,
    "data": "2022-02-26",
    "total": 0.0,
    "paga": false
  }
},
{
  "model": "api.venda",
  "pk": 100,
  "fields": {
    "created_at": "2022-02-27T01:18:03.604Z",
    "updated_at": "2022-02-27T01:18:03.605Z",
    "cliente": 1,
    "empresa": 1,
    "data": "2022-02-26",
    "total": 0.0,
    "paga": false
  }
},
{
  "model": "api.venda",
  "pk": 101,
  "fields": {
    "created_at": "2022-02-27T23:26:51.087Z",
    "updated_at": "2022-02-27T23:28:25.005Z",
    "cliente": 1,
    "empresa": 1,
    "data": "2022-02-27",
    "total": 0.0,
    "paga": false
  }
},
{
  "model": "api.venda",
  "pk": 102,
  "fields": {
    "created_at": "2022-02-28T02:04:54.877Z",
    "updated_at": "2022-02-28T02:06:35.350Z",
    "cliente": 1,
    "empresa": 1,
    "data": "2022-02-27",
    "total": 0.0,
    "paga": false
  }
},
{
  "model": "api.venda",
  "pk": 103,
  "fields": {
    "created_at": "2022-03-05T02:07:07.110Z",
    "updated_at": "2022-03-05T02:07:07.110Z",
    "cliente": 1,
    "empresa": 1,
    "data": "2022-03-04",
    "total": 0.0,
    "paga": false
  }
},
{
  "model": "api.venda",
  "pk": 113,
  "fields": {
    "created_at": "2022-03-05T18:47:07.238Z",
    "updated_at": "2022-03-05T18:49:27.332Z",
    "cliente": 1,
    "empresa": 1,
    "data": "2022-03-05",
    "total": 0.0,
    "paga": false
  }
},
{
  "model": "api.venda",
  "pk": 114,
  "fields": {
    "created_at": "2022-03-06T02:43:34.671Z",
    "updated_at": "2022-03-06T02:43:34.675Z",
    "cliente": 1,
    "empresa": 1,
    "data": "2022-03-05",
    "total": 0.0,
    "paga": false
  }
},
{
  "model": "api.venda",
  "pk": 115,
  "fields": {
    "created_at": "2022-03-06T02:45:42.152Z",
    "updated_at": "2022-03-06T02:45:42.155Z",
    "cliente": 1,
    "empresa": 1,
    "data": "2022-03-05",
    "total": 0.0,
    "paga": false
  }
},
{
  "model": "api.venda",
  "pk": 116,
  "fields": {
    "created_at": "2022-03-06T13:49:09.005Z",
    "updated_at": "2022-03-06T13:49:09.006Z",
    "cliente": 1,
    "empresa": 1,
    "data": "2022-03-06",
    "total": 0.0,
    "paga": false
  }
},
{
  "model": "api.venda",
  "pk": 117,
  "fields": {
    "created_at": "2022-03-06T16:50:15.842Z",
    "updated_at": "2022-03-06T16:50:15.842Z",
    "cliente": 30,
    "empresa": 2,
    "data": "2022-03-06",
    "total": 0.0,
    "paga": false
  }
},
{
  "model": "api.venda",
  "pk": 118,
  "fields": {
    "created_at": "2022-03-06T18:45:08.759Z",
    "updated_at": "2022-03-06T18:45:08.759Z",
    "cliente": 1,
    "empresa": 2,
    "data": "2022-03-06",
    "total": 0.0,
    "paga": false
  }
},
{
  "model": "api.venda",
  "pk": 119,
  "fields": {
    "created_at": "2022-03-07T00:57:21.123Z",
    "updated_at": "2022-03-07T00:57:21.124Z",
    "cliente": 1,
    "empresa": 2,
    "data": "2022-03-06",
    "total": 0.0,
    "paga": false
  }
},
{
  "model": "api.venda",
  "pk": 120,
  "fields": {
    "created_at": "2022-03-09T23:44:48.184Z",
    "updated_at": "2022-03-09T23:44:48.185Z",
    "cliente": 1,
    "empresa": 2,
    "data": "2022-03-09",
    "total": 0.0,
    "paga": false
  }
},
{
  "model": "api.venda",
  "pk": 121,
  "fields": {
    "created_at": "2022-03-10T20:42:47.780Z",
    "updated_at": "2022-03-10T20:42:47.782Z",
    "cliente": 1,
    "empresa": 2,
    "data": "2022-03-10",
    "total": 0.0,
    "paga": false
  }
},
{
  "model": "api.venda",
  "pk": 122,
  "fields": {
    "created_at": "2022-03-10T20:44:59.682Z",
    "updated_at": "2022-03-10T20:44:59.682Z",
    "cliente": 1,
    "empresa": 2,
    "data": "2022-03-10",
    "total": 0.0,
    "paga": false
  }
},
{
  "model": "api.venda",
  "pk": 123,
  "fields": {
    "created_at": "2022-03-10T21:06:45.605Z",
    "updated_at": "2022-03-10T21:06:45.605Z",
    "cliente": 1,
    "empresa": 2,
    "data": "2022-03-10",
    "total": 58.0,
    "paga": false
  }
},
{
  "model": "api.venda",
  "pk": 124,
  "fields": {
    "created_at": "2022-03-10T23:40:14.870Z",
    "updated_at": "2022-03-10T23:40:14.870Z",
    "cliente": 1,
    "empresa": 2,
    "data": "2022-03-10",
    "total": 3507.0,
    "paga": false
  }
},
{
  "model": "api.venda",
  "pk": 125,
  "fields": {
    "created_at": "2022-03-12T04:04:56.573Z",
    "updated_at": "2022-03-23T05:34:22.963Z",
    "cliente": 1,
    "empresa": 2,
    "data": "2022-03-12",
    "total": 7.0,
    "paga": false
  }
},
{
  "model": "api.venda",
  "pk": 126,
  "fields": {
    "created_at": "2022-03-13T03:42:53.009Z",
    "updated_at": "2022-03-23T05:34:22.984Z",
    "cliente": 1,
    "empresa": 2,
    "data": "2022-03-13",
    "total": 3.5,
    "paga": false
  }
},
{
  "model": "api.venda",
  "pk": 127,
  "fields": {
    "created_at": "2022-03-13T16:00:19.892Z",
    "updated_at": "2022-03-13T16:00:19.893Z",
    "cliente": 1,
    "empresa": 3,
    "data": "2022-03-13",
    "total": 10.5,
    "paga": false
  }
},
{
  "model": "api.venda",
  "pk": 128,
  "fields": {
    "created_at": "2022-03-14T23:23:13.280Z",
    "updated_at": "2022-03-14T23:23:13.280Z",
    "cliente": 1,
    "empresa": 3,
    "data": "2022-03-14",
    "total": 66.0,
    "paga": false
  }
},
{
  "model": "api.venda",
  "pk": 129,
  "fields": {
    "created_at": "2022-03-16T22:02:58.519Z",
    "updated_at": "2022-03-16T22:02:58.520Z",
    "cliente": 1,
    "empresa": 3,
    "data": "2022-03-16",
    "total": 3.5,
    "paga": false
  }
},
{
  "model": "api.venda",
  "pk": 130,
  "fields": {
    "created_at": "2022-03-20T00:46:17.461Z",
    "updated_at": "2022-03-23T05:34:22.998Z",
    "cliente": 1,
    "empresa": 2,
    "data": "2022-03-19",
    "total": 12.0,
    "paga": false
  }
},
{
  "model": "api.venda",
  "pk": 131,
  "fields": {
    "created_at": "2022-03-23T03:00:35.708Z",
    "updated_at": "2022-03-23T04:36:01.606Z",
    "cliente": 29,
    "empresa": 2,
    "data": "2022-03-22",
    "total": 12.0,
    "paga": false
  }
},
{
  "model": "api.venda",
  "pk": 132,
  "fields": {
    "created_at": "2022-03-26T19:25:27.335Z",
    "updated_at": "2022-03-26T19:25:27.335Z",
    "cliente": 1,
    "empresa": 2,
    "data": "2022-03-26",
    "total": 42.0,
    "paga": false
  }
},
{
  "model": "api.venda",
  "pk": 133,
  "fields": {
    "created_at": "2022-04-15T20:25:33.250Z",
    "updated_at": "2022-04-15T20:25:33.250Z",
    "cliente": 1,
    "empresa": 4,
    "data": "2022-04-15",
    "total": 178.5,
    "paga": false
  }
},
{
  "model": "api.venda",
  "pk": 134,
  "fields": {
    "created_at": "2022-04-15T20:27:45.352Z",
    "updated_at": "2022-04-15T20:27:45.352Z",
    "cliente": 1,
    "empresa": 4,
    "data": "2022-04-15",
    "total": 38.5,
    "paga": false
  }
},
{
  "model": "api.venda",
  "pk": 135,
  "fields": {
    "created_at": "2022-04-15T20:31:23.503Z",
    "updated_at": "2022-04-15T20:31:23.503Z",
    "cliente": 1,
    "empresa": 4,
    "data": "2022-04-15",
    "total": 3.5,
    "paga": false
  }
},
{
  "model": "api.venda",
  "pk": 136,
  "fields": {
    "created_at": "2022-04-15T20:33:05.897Z",
    "updated_at": "2022-04-15T20:33:05.897Z",
    "cliente": 1,
    "empresa": 4,
    "data": "2022-04-15",
    "total": 170.0,
    "paga": false
  }
},
{
  "model": "api.venda",
  "pk": 137,
  "fields": {
    "created_at": "2022-04-15T20:34:25.879Z",
    "updated_at": "2022-04-15T20:34:25.879Z",
    "cliente": 1,
    "empresa": 4,
    "data": "2022-04-15",
    "total": 17.0,
    "paga": false
  }
},
{
  "model": "api.venda",
  "pk": 138,
  "fields": {
    "created_at": "2022-04-15T20:43:39.927Z",
    "updated_at": "2022-04-15T20:43:39.927Z",
    "cliente": 1,
    "empresa": 4,
    "data": "2022-04-15",
    "total": 17.0,
    "paga": false
  }
},
{
  "model": "api.venda",
  "pk": 139,
  "fields": {
    "created_at": "2022-04-15T20:44:35.888Z",
    "updated_at": "2022-04-15T20:44:35.888Z",
    "cliente": 1,
    "empresa": 4,
    "data": "2022-04-15",
    "total": 1008.0,
    "paga": false
  }
},
{
  "model": "api.venda",
  "pk": 140,
  "fields": {
    "created_at": "2022-04-15T20:50:01.791Z",
    "updated_at": "2022-04-15T20:50:01.791Z",
    "cliente": 1,
    "empresa": 4,
    "data": "2022-04-15",
    "total": 3.5,
    "paga": false
  }
},
{
  "model": "api.venda",
  "pk": 141,
  "fields": {
    "created_at": "2022-04-15T20:52:08.994Z",
    "updated_at": "2022-04-15T20:52:08.994Z",
    "cliente": 1,
    "empresa": 4,
    "data": "2022-04-15",
    "total": 1004.5,
    "paga": false
  }
},
{
  "model": "api.venda",
  "pk": 142,
  "fields": {
    "created_at": "2022-04-15T20:55:46.076Z",
    "updated_at": "2022-04-15T20:55:46.076Z",
    "cliente": 1,
    "empresa": 4,
    "data": "2022-04-15",
    "total": 1004.5,
    "paga": false
  }
},
{
  "model": "api.venda",
  "pk": 143,
  "fields": {
    "created_at": "2022-04-15T23:35:00.136Z",
    "updated_at": "2022-04-15T23:35:00.136Z",
    "cliente": 1,
    "empresa": 2,
    "data": "2022-04-15",
    "total": 3.5,
    "paga": false
  }
},
{
  "model": "api.venda",
  "pk": 144,
  "fields": {
    "created_at": "2022-04-15T23:43:21.398Z",
    "updated_at": "2022-04-15T23:43:21.398Z",
    "cliente": 1,
    "empresa": 4,
    "data": "2022-04-15",
    "total": 3.5,
    "paga": false
  }
},
{
  "model": "api.venda",
  "pk": 145,
  "fields": {
    "created_at": "2022-04-16T00:26:42.510Z",
    "updated_at": "2022-04-16T00:26:42.510Z",
    "cliente": 1,
    "empresa": 2,
    "data": "2022-04-15",
    "total": 173.5,
    "paga": false
  }
},
{
  "model": "api.venda",
  "pk": 146,
  "fields": {
    "created_at": "2022-04-16T00:31:44.637Z",
    "updated_at": "2022-04-16T00:31:44.638Z",
    "cliente": 1,
    "empresa": 2,
    "data": "2022-04-15",
    "total": 20.5,
    "paga": false
  }
},
{
  "model": "api.vendadetalhe",
  "pk": 1,
  "fields": {
    "created_at": "2022-02-12T19:32:53.420Z",
    "updated_at": "2022-02-12T19:32:53.420Z",
    "venda": 4,
    "produto": 1,
    "quantidade": 1,
    "preco": 3.5,
    "desconto": 0.0
  }
},
{
  "model": "api.vendadetalhe",
  "pk": 2,
  "fields": {
    "created_at": "2022-02-12T19:50:27.008Z",
    "updated_at": "2022-02-12T19:50:27.008Z",
    "venda": 5,
    "produto": 1,
    "quantidade": 1,
    "preco": 3.5,
    "desconto": 0.0
  }
},
{
  "model": "api.vendadetalhe",
  "pk": 3,
  "fields": {
    "created_at": "2022-02-12T22:01:16.217Z",
    "updated_at": "2022-02-12T22:01:16.217Z",
    "venda": 6,
    "produto": 1,
    "quantidade": 1,
    "preco": 3.5,
    "desconto": 0.0
  }
},
{
  "model": "api.vendadetalhe",
  "pk": 4,
  "fields": {
    "created_at": "2022-02-12T22:11:20.994Z",
    "updated_at": "2022-02-12T22:11:20.994Z",
    "venda": 7,
    "produto": 1,
    "quantidade": 1,
    "preco": 3.5,
    "desconto": 0.0
  }
},
{
  "model": "api.vendadetalhe",
  "pk": 5,
  "fields": {
    "created_at": "2022-02-12T22:15:57.765Z",
    "updated_at": "2022-02-12T22:15:57.765Z",
    "venda": 8,
    "produto": 1,
    "quantidade": 1,
    "preco": 3.5,
    "desconto": 0.0
  }
},
{
  "model": "api.vendadetalhe",
  "pk": 6,
  "fields": {
    "created_at": "2022-02-12T22:24:51.657Z",
    "updated_at": "2022-02-12T22:24:51.657Z",
    "venda": 9,
    "produto": 1,
    "quantidade": 1,
    "preco": 3.5,
    "desconto": 0.0
  }
},
{
  "model": "api.vendadetalhe",
  "pk": 8,
  "fields": {
    "created_at": "2022-02-12T23:22:06.097Z",
    "updated_at": "2022-02-12T23:22:06.097Z",
    "venda": 10,
    "produto": 2,
    "quantidade": 1,
    "preco": 17.0,
    "desconto": 0.0
  }
},
{
  "model": "api.vendadetalhe",
  "pk": 9,
  "fields": {
    "created_at": "2022-02-12T23:22:21.682Z",
    "updated_at": "2022-02-12T23:22:21.682Z",
    "venda": 10,
    "produto": 3,
    "quantidade": 1,
    "preco": 3500.99,
    "desconto": 0.0
  }
},
{
  "model": "api.vendadetalhe",
  "pk": 10,
  "fields": {
    "created_at": "2022-02-13T00:04:23.583Z",
    "updated_at": "2022-02-13T00:04:23.583Z",
    "venda": 11,
    "produto": 1,
    "quantidade": 1,
    "preco": 3.5,
    "desconto": 0.0
  }
},
{
  "model": "api.vendadetalhe",
  "pk": 11,
  "fields": {
    "created_at": "2022-02-13T01:03:00.432Z",
    "updated_at": "2022-02-13T01:03:00.432Z",
    "venda": 12,
    "produto": 1,
    "quantidade": 1,
    "preco": 3.5,
    "desconto": 0.0
  }
},
{
  "model": "api.vendadetalhe",
  "pk": 12,
  "fields": {
    "created_at": "2022-02-13T01:03:35.568Z",
    "updated_at": "2022-02-13T01:03:35.568Z",
    "venda": 12,
    "produto": 2,
    "quantidade": 10,
    "preco": 17.5,
    "desconto": 0.0
  }
},
{
  "model": "api.vendadetalhe",
  "pk": 13,
  "fields": {
    "created_at": "2022-02-13T01:04:18.544Z",
    "updated_at": "2022-02-13T01:04:18.544Z",
    "venda": 12,
    "produto": 3,
    "quantidade": 2,
    "preco": 3.99,
    "desconto": 0.0
  }
},
{
  "model": "api.vendadetalhe",
  "pk": 14,
  "fields": {
    "created_at": "2022-02-13T01:05:29.394Z",
    "updated_at": "2022-02-13T01:05:29.394Z",
    "venda": 12,
    "produto": 4,
    "quantidade": 1,
    "preco": 2.0,
    "desconto": 0.0
  }
},
{
  "model": "api.vendadetalhe",
  "pk": 15,
  "fields": {
    "created_at": "2022-02-13T01:40:26.328Z",
    "updated_at": "2022-02-13T01:40:26.328Z",
    "venda": 13,
    "produto": 1,
    "quantidade": 1,
    "preco": 3.5,
    "desconto": 0.0
  }
},
{
  "model": "api.vendadetalhe",
  "pk": 16,
  "fields": {
    "created_at": "2022-02-13T01:40:48.827Z",
    "updated_at": "2022-02-13T01:40:48.827Z",
    "venda": 13,
    "produto": 1,
    "quantidade": 1,
    "preco": 3.5,
    "desconto": 0.0
  }
},
{
  "model": "api.vendadetalhe",
  "pk": 17,
  "fields": {
    "created_at": "2022-02-13T01:41:50.036Z",
    "updated_at": "2022-02-13T01:41:50.036Z",
    "venda": 1,
    "produto": 1,
    "quantidade": 1,
    "preco": 3.5,
    "desconto": 0.0
  }
},
{
  "model": "api.vendadetalhe",
  "pk": 18,
  "fields": {
    "created_at": "2022-02-13T01:46:20.037Z",
    "updated_at": "2022-02-13T01:46:20.037Z",
    "venda": 10,
    "produto": 3,
    "quantidade": 12,
    "preco": 3500.99,
    "desconto": 0.0
  }
},
{
  "model": "api.vendadetalhe",
  "pk": 19,
  "fields": {
    "created_at": "2022-02-13T01:53:33.627Z",
    "updated_at": "2022-02-13T01:53:33.627Z",
    "venda": 14,
    "produto": 1,
    "quantidade": 12,
    "preco": 3.5,
    "desconto": 0.0
  }
},
{
  "model": "api.vendadetalhe",
  "pk": 20,
  "fields": {
    "created_at": "2022-02-13T01:54:05.221Z",
    "updated_at": "2022-02-13T01:54:05.221Z",
    "venda": 14,
    "produto": 2,
    "quantidade": 2,
    "preco": 17.0,
    "desconto": 0.0
  }
},
{
  "model": "api.vendadetalhe",
  "pk": 21,
  "fields": {
    "created_at": "2022-02-13T01:55:44.797Z",
    "updated_at": "2022-02-13T01:55:44.797Z",
    "venda": 15,
    "produto": 2,
    "quantidade": 1,
    "preco": 17.0,
    "desconto": 0.0
  }
},
{
  "model": "api.vendadetalhe",
  "pk": 22,
  "fields": {
    "created_at": "2022-02-13T01:57:58.642Z",
    "updated_at": "2022-02-13T01:57:58.642Z",
    "venda": 16,
    "produto": 1,
    "quantidade": 2,
    "preco": 3.5,
    "desconto": 0.0
  }
},
{
  "model": "api.vendadetalhe",
  "pk": 23,
  "fields": {
    "created_at": "2022-02-13T20:44:36.345Z",
    "updated_at": "2022-02-13T20:44:36.345Z",
    "venda": 1,
    "produto": 1,
    "quantidade": 10,
    "preco": 3.5,
    "desconto": 0.0
  }
},
{
  "model": "api.vendadetalhe",
  "pk": 24,
  "fields": {
    "created_at": "2022-02-14T21:14:44.947Z",
    "updated_at": "2022-02-14T21:14:44.947Z",
    "venda": 20,
    "produto": 1,
    "quantidade": 10,
    "preco": 3.5,
    "desconto": 0.0
  }
},
{
  "model": "api.vendadetalhe",
  "pk": 25,
  "fields": {
    "created_at": "2022-02-14T21:15:13.654Z",
    "updated_at": "2022-02-14T21:15:13.654Z",
    "venda": 20,
    "produto": 2,
    "quantidade": 1,
    "preco": 17.1,
    "desconto": 0.0
  }
},
{
  "model": "api.vendadetalhe",
  "pk": 26,
  "fields": {
    "created_at": "2022-02-15T01:21:16.268Z",
    "updated_at": "2022-02-15T01:21:16.268Z",
    "venda": 21,
    "produto": 1,
    "quantidade": 1,
    "preco": 3.5,
    "desconto": 0.0
  }
},
{
  "model": "api.vendadetalhe",
  "pk": 27,
  "fields": {
    "created_at": "2022-02-15T01:21:34.817Z",
    "updated_at": "2022-02-15T01:21:34.817Z",
    "venda": 21,
    "produto": 2,
    "quantidade": 1,
    "preco": 17.0,
    "desconto": 0.0
  }
},
{
  "model": "api.vendadetalhe",
  "pk": 28,
  "fields": {
    "created_at": "2022-02-15T01:22:03.201Z",
    "updated_at": "2022-02-15T01:22:03.201Z",
    "venda": 21,
    "produto": 3,
    "quantidade": 1,
    "preco": 3500.99,
    "desconto": 0.0
  }
},
{
  "model": "api.vendadetalhe",
  "pk": 29,
  "fields": {
    "created_at": "2022-02-15T22:32:03.431Z",
    "updated_at": "2022-02-15T22:32:03.431Z",
    "venda": 22,
    "produto": 1,
    "quantidade": 1,
    "preco": 3.5,
    "desconto": 0.0
  }
},
{
  "model": "api.vendadetalhe",
  "pk": 30,
  "fields": {
    "created_at": "2022-02-15T22:32:14.717Z",
    "updated_at": "2022-02-15T22:32:14.717Z",
    "venda": 22,
    "produto": 2,
    "quantidade": 1,
    "preco": 17.0,
    "desconto": 0.0
  }
},
{
  "model": "api.vendadetalhe",
  "pk": 31,
  "fields": {
    "created_at": "2022-02-18T21:25:07.962Z",
    "updated_at": "2022-02-18T21:25:07.962Z",
    "venda": 32,
    "produto": 1,
    "quantidade": 1,
    "preco": 3.5,
    "desconto": 0.0
  }
},
{
  "model": "api.vendadetalhe",
  "pk": 32,
  "fields": {
    "created_at": "2022-02-19T00:16:32.953Z",
    "updated_at": "2022-02-19T00:16:32.953Z",
    "venda": 33,
    "produto": 1,
    "quantidade": 1,
    "preco": 3.5,
    "desconto": 0.0
  }
},
{
  "model": "api.vendadetalhe",
  "pk": 33,
  "fields": {
    "created_at": "2022-02-19T00:18:20.890Z",
    "updated_at": "2022-02-19T00:18:20.890Z",
    "venda": 34,
    "produto": 1,
    "quantidade": 1,
    "preco": 3.5,
    "desconto": 0.0
  }
},
{
  "model": "api.vendadetalhe",
  "pk": 34,
  "fields": {
    "created_at": "2022-02-19T00:24:38.749Z",
    "updated_at": "2022-02-19T00:24:38.749Z",
    "venda": 36,
    "produto": 1,
    "quantidade": 1,
    "preco": 3.5,
    "desconto": 0.0
  }
},
{
  "model": "api.vendadetalhe",
  "pk": 35,
  "fields": {
    "created_at": "2022-02-19T00:27:58.399Z",
    "updated_at": "2022-02-19T00:27:58.399Z",
    "venda": 37,
    "produto": 1,
    "quantidade": 1,
    "preco": 3.5,
    "desconto": 0.0
  }
},
{
  "model": "api.vendadetalhe",
  "pk": 36,
  "fields": {
    "created_at": "2022-02-19T00:31:39.864Z",
    "updated_at": "2022-02-19T00:31:39.864Z",
    "venda": 38,
    "produto": 1,
    "quantidade": 1,
    "preco": 3.5,
    "desconto": 0.0
  }
},
{
  "model": "api.vendadetalhe",
  "pk": 37,
  "fields": {
    "created_at": "2022-02-19T00:36:20.320Z",
    "updated_at": "2022-02-19T00:36:20.320Z",
    "venda": 41,
    "produto": 1,
    "quantidade": 1,
    "preco": 3.5,
    "desconto": 0.0
  }
},
{
  "model": "api.vendadetalhe",
  "pk": 38,
  "fields": {
    "created_at": "2022-02-19T00:40:26.581Z",
    "updated_at": "2022-02-19T00:40:26.581Z",
    "venda": 44,
    "produto": 1,
    "quantidade": 1,
    "preco": 3.5,
    "desconto": 0.0
  }
},
{
  "model": "api.vendadetalhe",
  "pk": 39,
  "fields": {
    "created_at": "2022-02-19T00:40:37.531Z",
    "updated_at": "2022-02-19T00:40:37.531Z",
    "venda": 44,
    "produto": 2,
    "quantidade": 1,
    "preco": 17.0,
    "desconto": 0.0
  }
},
{
  "model": "api.vendadetalhe",
  "pk": 40,
  "fields": {
    "created_at": "2022-02-19T00:40:46.379Z",
    "updated_at": "2022-02-19T00:40:46.379Z",
    "venda": 44,
    "produto": 3,
    "quantidade": 1,
    "preco": 3500.99,
    "desconto": 0.0
  }
},
{
  "model": "api.vendadetalhe",
  "pk": 41,
  "fields": {
    "created_at": "2022-02-19T00:42:01.277Z",
    "updated_at": "2022-02-19T00:42:01.277Z",
    "venda": 45,
    "produto": 1,
    "quantidade": 1,
    "preco": 10.0,
    "desconto": 0.0
  }
},
{
  "model": "api.vendadetalhe",
  "pk": 42,
  "fields": {
    "created_at": "2022-02-19T00:42:01.307Z",
    "updated_at": "2022-02-19T00:42:01.307Z",
    "venda": 45,
    "produto": 2,
    "quantidade": 2,
    "preco": 20.0,
    "desconto": 0.0
  }
},
{
  "model": "api.vendadetalhe",
  "pk": 43,
  "fields": {
    "created_at": "2022-02-19T00:42:01.347Z",
    "updated_at": "2022-02-19T00:42:01.347Z",
    "venda": 45,
    "produto": 3,
    "quantidade": 3,
    "preco": 30.0,
    "desconto": 0.0
  }
},
{
  "model": "api.vendadetalhe",
  "pk": 44,
  "fields": {
    "created_at": "2022-02-19T00:42:01.628Z",
    "updated_at": "2022-02-19T00:42:01.628Z",
    "venda": 45,
    "produto": 1,
    "quantidade": 1,
    "preco": 3.5,
    "desconto": 0.0
  }
},
{
  "model": "api.vendadetalhe",
  "pk": 45,
  "fields": {
    "created_at": "2022-02-19T00:42:44.116Z",
    "updated_at": "2022-02-19T00:42:44.116Z",
    "venda": 46,
    "produto": 1,
    "quantidade": 1,
    "preco": 10.0,
    "desconto": 0.0
  }
},
{
  "model": "api.vendadetalhe",
  "pk": 46,
  "fields": {
    "created_at": "2022-02-19T00:42:44.163Z",
    "updated_at": "2022-02-19T00:42:44.163Z",
    "venda": 46,
    "produto": 2,
    "quantidade": 2,
    "preco": 20.0,
    "desconto": 0.0
  }
},
{
  "model": "api.vendadetalhe",
  "pk": 47,
  "fields": {
    "created_at": "2022-02-19T00:42:44.199Z",
    "updated_at": "2022-02-19T00:42:44.199Z",
    "venda": 46,
    "produto": 3,
    "quantidade": 3,
    "preco": 30.0,
    "desconto": 0.0
  }
},
{
  "model": "api.vendadetalhe",
  "pk": 48,
  "fields": {
    "created_at": "2022-02-19T00:42:44.477Z",
    "updated_at": "2022-02-19T00:42:44.477Z",
    "venda": 46,
    "produto": 4,
    "quantidade": 1,
    "preco": 2.0,
    "desconto": 0.0
  }
},
{
  "model": "api.vendadetalhe",
  "pk": 49,
  "fields": {
    "created_at": "2022-02-19T00:46:05.755Z",
    "updated_at": "2022-02-19T00:46:05.755Z",
    "venda": 47,
    "produto": 1,
    "quantidade": 1,
    "preco": 10.0,
    "desconto": 0.0
  }
},
{
  "model": "api.vendadetalhe",
  "pk": 50,
  "fields": {
    "created_at": "2022-02-19T00:46:05.773Z",
    "updated_at": "2022-02-19T00:46:05.773Z",
    "venda": 47,
    "produto": 2,
    "quantidade": 2,
    "preco": 20.0,
    "desconto": 0.0
  }
},
{
  "model": "api.vendadetalhe",
  "pk": 51,
  "fields": {
    "created_at": "2022-02-19T00:46:05.805Z",
    "updated_at": "2022-02-19T00:46:05.805Z",
    "venda": 47,
    "produto": 3,
    "quantidade": 3,
    "preco": 30.0,
    "desconto": 0.0
  }
},
{
  "model": "api.vendadetalhe",
  "pk": 52,
  "fields": {
    "created_at": "2022-02-19T00:46:06.125Z",
    "updated_at": "2022-02-19T00:46:06.125Z",
    "venda": 47,
    "produto": 4,
    "quantidade": 1,
    "preco": 2.0,
    "desconto": 0.0
  }
},
{
  "model": "api.vendadetalhe",
  "pk": 53,
  "fields": {
    "created_at": "2022-02-19T00:47:06.023Z",
    "updated_at": "2022-02-19T00:47:06.023Z",
    "venda": 48,
    "produto": 1,
    "quantidade": 1,
    "preco": 10.0,
    "desconto": 0.0
  }
},
{
  "model": "api.vendadetalhe",
  "pk": 54,
  "fields": {
    "created_at": "2022-02-19T00:47:06.067Z",
    "updated_at": "2022-02-19T00:47:06.067Z",
    "venda": 48,
    "produto": 2,
    "quantidade": 2,
    "preco": 20.0,
    "desconto": 0.0
  }
},
{
  "model": "api.vendadetalhe",
  "pk": 55,
  "fields": {
    "created_at": "2022-02-19T00:47:06.121Z",
    "updated_at": "2022-02-19T00:47:06.121Z",
    "venda": 48,
    "produto": 3,
    "quantidade": 3,
    "preco": 30.0,
    "desconto": 0.0
  }
},
{
  "model": "api.vendadetalhe",
  "pk": 56,
  "fields": {
    "created_at": "2022-02-19T00:47:06.457Z",
    "updated_at": "2022-02-19T00:47:06.457Z",
    "venda": 48,
    "produto": 4,
    "quantidade": 1,
    "preco": 2.0,
    "desconto": 0.0
  }
},
{
  "model": "api.vendadetalhe",
  "pk": 57,
  "fields": {
    "created_at": "2022-02-19T00:47:58.121Z",
    "updated_at": "2022-02-19T00:47:58.121Z",
    "venda": 49,
    "produto": 1,
    "quantidade": 1,
    "preco": 10.0,
    "desconto": 0.0
  }
},
{
  "model": "api.vendadetalhe",
  "pk": 58,
  "fields": {
    "created_at": "2022-02-19T00:47:58.149Z",
    "updated_at": "2022-02-19T00:47:58.149Z",
    "venda": 49,
    "produto": 2,
    "quantidade": 2,
    "preco": 20.0,
    "desconto": 0.0
  }
},
{
  "model": "api.vendadetalhe",
  "pk": 59,
  "fields": {
    "created_at": "2022-02-19T00:47:58.176Z",
    "updated_at": "2022-02-19T00:47:58.176Z",
    "venda": 49,
    "produto": 3,
    "quantidade": 3,
    "preco": 30.0,
    "desconto": 0.0
  }
},
{
  "model": "api.vendadetalhe",
  "pk": 60,
  "fields": {
    "created_at": "2022-02-19T00:47:58.625Z",
    "updated_at": "2022-02-19T00:47:58.625Z",
    "venda": 49,
    "produto": 4,
    "quantidade": 1,
    "preco": 2.0,
    "desconto": 0.0
  }
},
{
  "model": "api.vendadetalhe",
  "pk": 61,
  "fields": {
    "created_at": "2022-02-19T00:52:01.514Z",
    "updated_at": "2022-02-19T00:52:01.514Z",
    "venda": 50,
    "produto": 4,
    "quantidade": 1,
    "preco": 2.0,
    "desconto": 0.0
  }
},
{
  "model": "api.vendadetalhe",
  "pk": 62,
  "fields": {
    "created_at": "2022-02-19T00:52:54.885Z",
    "updated_at": "2022-02-19T00:52:54.885Z",
    "venda": 51,
    "produto": 1,
    "quantidade": 1,
    "preco": 10.0,
    "desconto": 0.0
  }
},
{
  "model": "api.vendadetalhe",
  "pk": 63,
  "fields": {
    "created_at": "2022-02-19T00:52:54.931Z",
    "updated_at": "2022-02-19T00:52:54.931Z",
    "venda": 51,
    "produto": 2,
    "quantidade": 2,
    "preco": 20.0,
    "desconto": 0.0
  }
},
{
  "model": "api.vendadetalhe",
  "pk": 64,
  "fields": {
    "created_at": "2022-02-19T00:52:54.947Z",
    "updated_at": "2022-02-19T00:52:54.947Z",
    "venda": 51,
    "produto": 3,
    "quantidade": 3,
    "preco": 30.0,
    "desconto": 0.0
  }
},
{
  "model": "api.vendadetalhe",
  "pk": 65,
  "fields": {
    "created_at": "2022-02-19T00:52:55.292Z",
    "updated_at": "2022-02-19T00:52:55.292Z",
    "venda": 51,
    "produto": 1,
    "quantidade": 1,
    "preco": 3.5,
    "desconto": 0.0
  }
},
{
  "model": "api.vendadetalhe",
  "pk": 66,
  "fields": {
    "created_at": "2022-02-19T01:02:38.451Z",
    "updated_at": "2022-02-19T01:02:38.451Z",
    "venda": 52,
    "produto": 1,
    "quantidade": 1,
    "preco": 10.0,
    "desconto": 0.0
  }
},
{
  "model": "api.vendadetalhe",
  "pk": 67,
  "fields": {
    "created_at": "2022-02-19T01:02:38.465Z",
    "updated_at": "2022-02-19T01:02:38.465Z",
    "venda": 52,
    "produto": 2,
    "quantidade": 2,
    "preco": 20.0,
    "desconto": 0.0
  }
},
{
  "model": "api.vendadetalhe",
  "pk": 68,
  "fields": {
    "created_at": "2022-02-19T01:02:38.475Z",
    "updated_at": "2022-02-19T01:02:38.476Z",
    "venda": 52,
    "produto": 3,
    "quantidade": 3,
    "preco": 30.0,
    "desconto": 0.0
  }
},
{
  "model": "api.vendadetalhe",
  "pk": 69,
  "fields": {
    "created_at": "2022-02-19T01:02:38.717Z",
    "updated_at": "2022-02-19T01:02:38.717Z",
    "venda": 52,
    "produto": 4,
    "quantidade": 1,
    "preco": 2.0,
    "desconto": 0.0
  }
},
{
  "model": "api.vendadetalhe",
  "pk": 70,
  "fields": {
    "created_at": "2022-02-19T01:05:41.374Z",
    "updated_at": "2022-02-19T01:05:41.374Z",
    "venda": 53,
    "produto": 1,
    "quantidade": 1,
    "preco": 10.0,
    "desconto": 0.0
  }
},
{
  "model": "api.vendadetalhe",
  "pk": 71,
  "fields": {
    "created_at": "2022-02-19T01:05:41.390Z",
    "updated_at": "2022-02-19T01:05:41.390Z",
    "venda": 53,
    "produto": 2,
    "quantidade": 2,
    "preco": 20.0,
    "desconto": 0.0
  }
},
{
  "model": "api.vendadetalhe",
  "pk": 72,
  "fields": {
    "created_at": "2022-02-19T01:05:41.400Z",
    "updated_at": "2022-02-19T01:05:41.400Z",
    "venda": 53,
    "produto": 3,
    "quantidade": 3,
    "preco": 30.0,
    "desconto": 0.0
  }
},
{
  "model": "api.vendadetalhe",
  "pk": 73,
  "fields": {
    "created_at": "2022-02-19T01:05:41.619Z",
    "updated_at": "2022-02-19T01:05:41.619Z",
    "venda": 53,
    "produto": 1,
    "quantidade": 1,
    "preco": 3.5,
    "desconto": 0.0
  }
},
{
  "model": "api.vendadetalhe",
  "pk": 74,
  "fields": {
    "created_at": "2022-02-19T01:05:55.622Z",
    "updated_at": "2022-02-19T01:05:55.622Z",
    "venda": 53,
    "produto": 2,
    "quantidade": 3,
    "preco": 17.0,
    "desconto": 0.0
  }
},
{
  "model": "api.vendadetalhe",
  "pk": 75,
  "fields": {
    "created_at": "2022-02-19T01:09:14.040Z",
    "updated_at": "2022-02-19T01:09:14.040Z",
    "venda": 55,
    "produto": 1,
    "quantidade": 1,
    "preco": 10.0,
    "desconto": 0.0
  }
},
{
  "model": "api.vendadetalhe",
  "pk": 76,
  "fields": {
    "created_at": "2022-02-19T01:09:14.061Z",
    "updated_at": "2022-02-19T01:09:14.061Z",
    "venda": 55,
    "produto": 2,
    "quantidade": 2,
    "preco": 20.0,
    "desconto": 0.0
  }
},
{
  "model": "api.vendadetalhe",
  "pk": 77,
  "fields": {
    "created_at": "2022-02-19T01:09:14.065Z",
    "updated_at": "2022-02-19T01:09:14.065Z",
    "venda": 55,
    "produto": 3,
    "quantidade": 3,
    "preco": 30.0,
    "desconto": 0.0
  }
},
{
  "model": "api.vendadetalhe",
  "pk": 78,
  "fields": {
    "created_at": "2022-02-19T01:09:14.327Z",
    "updated_at": "2022-02-19T01:09:14.327Z",
    "venda": 55,
    "produto": 4,
    "quantidade": 1,
    "preco": 2.0,
    "desconto": 0.0
  }
},
{
  "model": "api.vendadetalhe",
  "pk": 79,
  "fields": {
    "created_at": "2022-02-19T01:10:52.383Z",
    "updated_at": "2022-02-19T01:10:52.383Z",
    "venda": 56,
    "produto": 1,
    "quantidade": 1,
    "preco": 10.0,
    "desconto": 0.0
  }
},
{
  "model": "api.vendadetalhe",
  "pk": 80,
  "fields": {
    "created_at": "2022-02-19T01:10:52.388Z",
    "updated_at": "2022-02-19T01:10:52.388Z",
    "venda": 56,
    "produto": 2,
    "quantidade": 2,
    "preco": 20.0,
    "desconto": 0.0
  }
},
{
  "model": "api.vendadetalhe",
  "pk": 81,
  "fields": {
    "created_at": "2022-02-19T01:10:52.400Z",
    "updated_at": "2022-02-19T01:10:52.400Z",
    "venda": 56,
    "produto": 3,
    "quantidade": 3,
    "preco": 30.0,
    "desconto": 0.0
  }
},
{
  "model": "api.vendadetalhe",
  "pk": 82,
  "fields": {
    "created_at": "2022-02-19T01:10:52.995Z",
    "updated_at": "2022-02-19T01:10:52.995Z",
    "venda": 56,
    "produto": 4,
    "quantidade": 12,
    "preco": 2.0,
    "desconto": 0.0
  }
},
{
  "model": "api.vendadetalhe",
  "pk": 83,
  "fields": {
    "created_at": "2022-02-19T01:19:14.113Z",
    "updated_at": "2022-02-19T01:19:14.113Z",
    "venda": 57,
    "produto": 1,
    "quantidade": 1,
    "preco": 10.0,
    "desconto": 0.0
  }
},
{
  "model": "api.vendadetalhe",
  "pk": 84,
  "fields": {
    "created_at": "2022-02-19T01:24:35.818Z",
    "updated_at": "2022-02-19T01:24:35.818Z",
    "venda": 58,
    "produto": 1,
    "quantidade": 1,
    "preco": 10.0,
    "desconto": 0.0
  }
},
{
  "model": "api.vendadetalhe",
  "pk": 85,
  "fields": {
    "created_at": "2022-02-19T01:24:35.839Z",
    "updated_at": "2022-02-19T01:24:35.839Z",
    "venda": 58,
    "produto": 2,
    "quantidade": 2,
    "preco": 20.0,
    "desconto": 0.0
  }
},
{
  "model": "api.vendadetalhe",
  "pk": 86,
  "fields": {
    "created_at": "2022-02-19T01:24:35.855Z",
    "updated_at": "2022-02-19T01:24:35.856Z",
    "venda": 58,
    "produto": 3,
    "quantidade": 3,
    "preco": 30.0,
    "desconto": 0.0
  }
},
{
  "model": "api.vendadetalhe",
  "pk": 87,
  "fields": {
    "created_at": "2022-02-19T01:24:36.102Z",
    "updated_at": "2022-02-19T01:24:36.102Z",
    "venda": 58,
    "produto": 4,
    "quantidade": 1,
    "preco": 2.0,
    "desconto": 0.0
  }
},
{
  "model": "api.vendadetalhe",
  "pk": 88,
  "fields": {
    "created_at": "2022-02-19T23:07:14.623Z",
    "updated_at": "2022-02-19T23:07:14.623Z",
    "venda": 59,
    "produto": 3,
    "quantidade": 2,
    "preco": 35.0,
    "desconto": 0.0
  }
},
{
  "model": "api.vendadetalhe",
  "pk": 89,
  "fields": {
    "created_at": "2022-02-20T16:22:08.406Z",
    "updated_at": "2022-02-20T16:22:08.406Z",
    "venda": 60,
    "produto": 1,
    "quantidade": 1,
    "preco": 3.5,
    "desconto": 0.0
  }
},
{
  "model": "api.vendadetalhe",
  "pk": 90,
  "fields": {
    "created_at": "2022-02-20T17:33:22.207Z",
    "updated_at": "2022-02-20T17:33:22.207Z",
    "venda": 61,
    "produto": 1,
    "quantidade": 2,
    "preco": 3.5,
    "desconto": 0.0
  }
},
{
  "model": "api.vendadetalhe",
  "pk": 91,
  "fields": {
    "created_at": "2022-02-20T17:33:22.236Z",
    "updated_at": "2022-02-20T17:33:22.236Z",
    "venda": 61,
    "produto": 2,
    "quantidade": 1,
    "preco": 17.0,
    "desconto": 0.0
  }
},
{
  "model": "api.vendadetalhe",
  "pk": 92,
  "fields": {
    "created_at": "2022-02-20T17:33:22.314Z",
    "updated_at": "2022-02-20T17:33:22.314Z",
    "venda": 61,
    "produto": 3,
    "quantidade": 6,
    "preco": 3.5,
    "desconto": 0.0
  }
},
{
  "model": "api.vendadetalhe",
  "pk": 93,
  "fields": {
    "created_at": "2022-02-20T17:33:22.371Z",
    "updated_at": "2022-02-20T17:33:22.371Z",
    "venda": 61,
    "produto": 4,
    "quantidade": 2,
    "preco": 2.0,
    "desconto": 0.0
  }
},
{
  "model": "api.vendadetalhe",
  "pk": 94,
  "fields": {
    "created_at": "2022-02-20T18:28:18.848Z",
    "updated_at": "2022-02-20T18:28:18.848Z",
    "venda": 62,
    "produto": 1,
    "quantidade": 1,
    "preco": 1.5,
    "desconto": 0.0
  }
},
{
  "model": "api.vendadetalhe",
  "pk": 95,
  "fields": {
    "created_at": "2022-02-20T18:33:33.092Z",
    "updated_at": "2022-02-20T18:33:33.092Z",
    "venda": 63,
    "produto": 1,
    "quantidade": 1,
    "preco": 3.5,
    "desconto": 0.0
  }
},
{
  "model": "api.vendadetalhe",
  "pk": 96,
  "fields": {
    "created_at": "2022-02-20T18:36:37.029Z",
    "updated_at": "2022-02-20T18:36:37.029Z",
    "venda": 64,
    "produto": 1,
    "quantidade": 1,
    "preco": 3.5,
    "desconto": 0.0
  }
},
{
  "model": "api.vendadetalhe",
  "pk": 97,
  "fields": {
    "created_at": "2022-02-20T18:42:15.379Z",
    "updated_at": "2022-02-20T18:42:15.379Z",
    "venda": 65,
    "produto": 1,
    "quantidade": 8,
    "preco": 3.5,
    "desconto": 0.0
  }
},
{
  "model": "api.vendadetalhe",
  "pk": 98,
  "fields": {
    "created_at": "2022-02-20T18:56:21.773Z",
    "updated_at": "2022-02-20T18:56:21.773Z",
    "venda": 66,
    "produto": 1,
    "quantidade": 1,
    "preco": 3.5,
    "desconto": 0.0
  }
},
{
  "model": "api.vendadetalhe",
  "pk": 99,
  "fields": {
    "created_at": "2022-02-20T18:57:48.974Z",
    "updated_at": "2022-02-20T18:57:48.974Z",
    "venda": 67,
    "produto": 1,
    "quantidade": 1,
    "preco": 3.5,
    "desconto": 0.0
  }
},
{
  "model": "api.vendadetalhe",
  "pk": 100,
  "fields": {
    "created_at": "2022-02-20T19:06:30.251Z",
    "updated_at": "2022-02-20T19:06:30.251Z",
    "venda": 68,
    "produto": 1,
    "quantidade": 1,
    "preco": 3.5,
    "desconto": 0.0
  }
},
{
  "model": "api.vendadetalhe",
  "pk": 101,
  "fields": {
    "created_at": "2022-02-20T19:14:07.037Z",
    "updated_at": "2022-02-20T19:14:07.037Z",
    "venda": 69,
    "produto": 1,
    "quantidade": 1,
    "preco": 3.5,
    "desconto": 0.0
  }
},
{
  "model": "api.vendadetalhe",
  "pk": 102,
  "fields": {
    "created_at": "2022-02-20T19:14:48.229Z",
    "updated_at": "2022-02-20T19:14:48.229Z",
    "venda": 70,
    "produto": 1,
    "quantidade": 1,
    "preco": 3.5,
    "desconto": 0.0
  }
},
{
  "model": "api.vendadetalhe",
  "pk": 103,
  "fields": {
    "created_at": "2022-02-20T19:15:40.033Z",
    "updated_at": "2022-02-20T19:15:40.033Z",
    "venda": 71,
    "produto": 1,
    "quantidade": 1,
    "preco": 3.5,
    "desconto": 0.0
  }
},
{
  "model": "api.vendadetalhe",
  "pk": 104,
  "fields": {
    "created_at": "2022-02-20T19:16:17.484Z",
    "updated_at": "2022-02-20T19:16:17.484Z",
    "venda": 72,
    "produto": 1,
    "quantidade": 1,
    "preco": 3.5,
    "desconto": 0.0
  }
},
{
  "model": "api.vendadetalhe",
  "pk": 105,
  "fields": {
    "created_at": "2022-02-20T19:17:22.977Z",
    "updated_at": "2022-02-20T19:17:22.977Z",
    "venda": 73,
    "produto": 1,
    "quantidade": 1,
    "preco": 3.5,
    "desconto": 0.0
  }
},
{
  "model": "api.vendadetalhe",
  "pk": 106,
  "fields": {
    "created_at": "2022-02-20T19:19:49.419Z",
    "updated_at": "2022-02-20T19:19:49.419Z",
    "venda": 74,
    "produto": 1,
    "quantidade": 1,
    "preco": 3.5,
    "desconto": 0.0
  }
},
{
  "model": "api.vendadetalhe",
  "pk": 107,
  "fields": {
    "created_at": "2022-02-20T19:21:31.608Z",
    "updated_at": "2022-02-20T19:21:31.608Z",
    "venda": 75,
    "produto": 1,
    "quantidade": 1,
    "preco": 3.5,
    "desconto": 0.0
  }
},
{
  "model": "api.vendadetalhe",
  "pk": 108,
  "fields": {
    "created_at": "2022-02-20T19:23:51.008Z",
    "updated_at": "2022-02-20T19:23:51.008Z",
    "venda": 76,
    "produto": 1,
    "quantidade": 1,
    "preco": 3.5,
    "desconto": 0.0
  }
},
{
  "model": "api.vendadetalhe",
  "pk": 109,
  "fields": {
    "created_at": "2022-02-20T19:26:30.320Z",
    "updated_at": "2022-02-20T19:26:30.320Z",
    "venda": 77,
    "produto": 1,
    "quantidade": 1,
    "preco": 3.5,
    "desconto": 0.0
  }
},
{
  "model": "api.vendadetalhe",
  "pk": 110,
  "fields": {
    "created_at": "2022-02-20T19:29:46.992Z",
    "updated_at": "2022-02-20T19:29:46.992Z",
    "venda": 78,
    "produto": 4,
    "quantidade": 5,
    "preco": 2.0,
    "desconto": 0.0
  }
},
{
  "model": "api.vendadetalhe",
  "pk": 111,
  "fields": {
    "created_at": "2022-02-20T19:29:47.006Z",
    "updated_at": "2022-02-20T19:29:47.006Z",
    "venda": 78,
    "produto": 2,
    "quantidade": 5,
    "preco": 17.0,
    "desconto": 0.0
  }
},
{
  "model": "api.vendadetalhe",
  "pk": 112,
  "fields": {
    "created_at": "2022-02-20T19:38:09.837Z",
    "updated_at": "2022-02-20T19:38:09.837Z",
    "venda": 79,
    "produto": 1,
    "quantidade": 1,
    "preco": 3.5,
    "desconto": 0.0
  }
},
{
  "model": "api.vendadetalhe",
  "pk": 113,
  "fields": {
    "created_at": "2022-02-20T19:43:17.763Z",
    "updated_at": "2022-02-20T19:43:17.763Z",
    "venda": 80,
    "produto": 1,
    "quantidade": 1,
    "preco": 3.5,
    "desconto": 0.0
  }
},
{
  "model": "api.vendadetalhe",
  "pk": 114,
  "fields": {
    "created_at": "2022-02-20T19:49:51.125Z",
    "updated_at": "2022-02-20T19:49:51.125Z",
    "venda": 81,
    "produto": 1,
    "quantidade": 1,
    "preco": 3.5,
    "desconto": 0.0
  }
},
{
  "model": "api.vendadetalhe",
  "pk": 115,
  "fields": {
    "created_at": "2022-02-20T19:53:47.075Z",
    "updated_at": "2022-02-20T19:53:47.075Z",
    "venda": 82,
    "produto": 4,
    "quantidade": 5,
    "preco": 2.0,
    "desconto": 0.0
  }
},
{
  "model": "api.vendadetalhe",
  "pk": 116,
  "fields": {
    "created_at": "2022-02-20T19:53:47.120Z",
    "updated_at": "2022-02-20T19:53:47.121Z",
    "venda": 82,
    "produto": 2,
    "quantidade": 5,
    "preco": 17.0,
    "desconto": 0.0
  }
},
{
  "model": "api.vendadetalhe",
  "pk": 117,
  "fields": {
    "created_at": "2022-02-20T20:53:32.806Z",
    "updated_at": "2022-02-20T20:53:32.806Z",
    "venda": 83,
    "produto": 3,
    "quantidade": 10,
    "preco": 3.99,
    "desconto": 0.0
  }
},
{
  "model": "api.vendadetalhe",
  "pk": 118,
  "fields": {
    "created_at": "2022-02-21T02:38:05.499Z",
    "updated_at": "2022-02-21T02:38:05.499Z",
    "venda": 84,
    "produto": 2,
    "quantidade": 1000,
    "preco": 17.0,
    "desconto": 0.0
  }
},
{
  "model": "api.vendadetalhe",
  "pk": 119,
  "fields": {
    "created_at": "2022-02-25T02:01:32.753Z",
    "updated_at": "2022-02-25T02:01:32.753Z",
    "venda": 86,
    "produto": 1,
    "quantidade": 1,
    "preco": 3.5,
    "desconto": 0.0
  }
},
{
  "model": "api.vendadetalhe",
  "pk": 120,
  "fields": {
    "created_at": "2022-02-25T03:04:28.910Z",
    "updated_at": "2022-02-25T03:04:28.910Z",
    "venda": 87,
    "produto": 1,
    "quantidade": 1,
    "preco": 3.5,
    "desconto": 0.0
  }
},
{
  "model": "api.vendadetalhe",
  "pk": 121,
  "fields": {
    "created_at": "2022-02-25T03:04:29.011Z",
    "updated_at": "2022-02-25T03:04:29.011Z",
    "venda": 87,
    "produto": 3,
    "quantidade": 1,
    "preco": 3500.99,
    "desconto": 0.0
  }
},
{
  "model": "api.vendadetalhe",
  "pk": 122,
  "fields": {
    "created_at": "2022-02-25T03:04:29.392Z",
    "updated_at": "2022-02-25T03:04:29.392Z",
    "venda": 87,
    "produto": 4,
    "quantidade": 1,
    "preco": 2.0,
    "desconto": 0.0
  }
},
{
  "model": "api.vendadetalhe",
  "pk": 123,
  "fields": {
    "created_at": "2022-02-25T03:43:08.614Z",
    "updated_at": "2022-02-25T03:43:08.614Z",
    "venda": 88,
    "produto": 1,
    "quantidade": 1,
    "preco": 3.5,
    "desconto": 0.0
  }
},
{
  "model": "api.vendadetalhe",
  "pk": 124,
  "fields": {
    "created_at": "2022-02-25T03:55:23.308Z",
    "updated_at": "2022-02-25T03:55:23.308Z",
    "venda": 89,
    "produto": 1,
    "quantidade": 1,
    "preco": 3.5,
    "desconto": 0.0
  }
},
{
  "model": "api.vendadetalhe",
  "pk": 125,
  "fields": {
    "created_at": "2022-02-25T04:12:15.386Z",
    "updated_at": "2022-02-25T04:12:15.386Z",
    "venda": 90,
    "produto": 1,
    "quantidade": 2,
    "preco": 3.5,
    "desconto": 0.0
  }
},
{
  "model": "api.vendadetalhe",
  "pk": 126,
  "fields": {
    "created_at": "2022-02-25T04:12:15.583Z",
    "updated_at": "2022-02-25T04:12:15.583Z",
    "venda": 90,
    "produto": 1,
    "quantidade": 1,
    "preco": 3.5,
    "desconto": 0.0
  }
},
{
  "model": "api.vendadetalhe",
  "pk": 127,
  "fields": {
    "created_at": "2022-02-25T04:17:36.277Z",
    "updated_at": "2022-02-25T04:17:36.277Z",
    "venda": 91,
    "produto": 4,
    "quantidade": 1,
    "preco": 2.5,
    "desconto": 0.0
  }
},
{
  "model": "api.vendadetalhe",
  "pk": 128,
  "fields": {
    "created_at": "2022-02-25T04:17:36.328Z",
    "updated_at": "2022-02-25T04:17:36.328Z",
    "venda": 91,
    "produto": 1,
    "quantidade": 3,
    "preco": 3.5,
    "desconto": 0.0
  }
},
{
  "model": "api.vendadetalhe",
  "pk": 129,
  "fields": {
    "created_at": "2022-02-25T05:03:25.801Z",
    "updated_at": "2022-02-25T05:03:25.801Z",
    "venda": 92,
    "produto": 1,
    "quantidade": 1,
    "preco": 3.5,
    "desconto": 0.0
  }
},
{
  "model": "api.vendadetalhe",
  "pk": 130,
  "fields": {
    "created_at": "2022-02-26T12:39:15.099Z",
    "updated_at": "2022-02-26T12:39:15.100Z",
    "venda": 93,
    "produto": 1,
    "quantidade": 1,
    "preco": 3.5,
    "desconto": 0.0
  }
},
{
  "model": "api.vendadetalhe",
  "pk": 131,
  "fields": {
    "created_at": "2022-02-26T15:01:39.992Z",
    "updated_at": "2022-02-26T15:01:39.992Z",
    "venda": 94,
    "produto": 1,
    "quantidade": 1,
    "preco": 3.5,
    "desconto": 0.0
  }
},
{
  "model": "api.vendadetalhe",
  "pk": 132,
  "fields": {
    "created_at": "2022-02-26T20:28:57.967Z",
    "updated_at": "2022-02-26T20:28:57.967Z",
    "venda": 95,
    "produto": 1,
    "quantidade": 1,
    "preco": 3.5,
    "desconto": 0.0
  }
},
{
  "model": "api.vendadetalhe",
  "pk": 133,
  "fields": {
    "created_at": "2022-02-26T20:28:58.011Z",
    "updated_at": "2022-02-26T20:28:58.011Z",
    "venda": 95,
    "produto": 3,
    "quantidade": 1,
    "preco": 35.0,
    "desconto": 0.0
  }
},
{
  "model": "api.vendadetalhe",
  "pk": 134,
  "fields": {
    "created_at": "2022-02-26T21:36:47.431Z",
    "updated_at": "2022-02-26T21:36:47.431Z",
    "venda": 96,
    "produto": 1,
    "quantidade": 1,
    "preco": 3.5,
    "desconto": 0.0
  }
},
{
  "model": "api.vendadetalhe",
  "pk": 135,
  "fields": {
    "created_at": "2022-02-26T21:41:23.783Z",
    "updated_at": "2022-02-26T21:41:23.783Z",
    "venda": 97,
    "produto": 1,
    "quantidade": 1,
    "preco": 3.5,
    "desconto": 0.0
  }
},
{
  "model": "api.vendadetalhe",
  "pk": 136,
  "fields": {
    "created_at": "2022-02-26T22:17:21.368Z",
    "updated_at": "2022-02-26T22:17:21.368Z",
    "venda": 98,
    "produto": 1,
    "quantidade": 12,
    "preco": 3.5,
    "desconto": 0.0
  }
},
{
  "model": "api.vendadetalhe",
  "pk": 137,
  "fields": {
    "created_at": "2022-02-26T22:17:21.438Z",
    "updated_at": "2022-02-26T22:17:21.438Z",
    "venda": 98,
    "produto": 4,
    "quantidade": 1,
    "preco": 2.0,
    "desconto": 0.0
  }
},
{
  "model": "api.vendadetalhe",
  "pk": 138,
  "fields": {
    "created_at": "2022-02-26T22:19:55.663Z",
    "updated_at": "2022-02-26T22:19:55.663Z",
    "venda": 99,
    "produto": 4,
    "quantidade": 6,
    "preco": 2.0,
    "desconto": 0.0
  }
},
{
  "model": "api.vendadetalhe",
  "pk": 139,
  "fields": {
    "created_at": "2022-02-26T22:19:55.690Z",
    "updated_at": "2022-02-26T22:19:55.690Z",
    "venda": 99,
    "produto": 1,
    "quantidade": 12,
    "preco": 3.5,
    "desconto": 0.0
  }
},
{
  "model": "api.vendadetalhe",
  "pk": 140,
  "fields": {
    "created_at": "2022-02-27T01:18:03.708Z",
    "updated_at": "2022-02-27T01:18:03.708Z",
    "venda": 100,
    "produto": 1,
    "quantidade": 2,
    "preco": 3.5,
    "desconto": 0.0
  }
},
{
  "model": "api.vendadetalhe",
  "pk": 141,
  "fields": {
    "created_at": "2022-02-27T01:18:03.757Z",
    "updated_at": "2022-02-27T01:18:03.757Z",
    "venda": 100,
    "produto": 3,
    "quantidade": 1,
    "preco": 35.0,
    "desconto": 0.0
  }
},
{
  "model": "api.vendadetalhe",
  "pk": 142,
  "fields": {
    "created_at": "2022-02-27T23:26:51.251Z",
    "updated_at": "2022-02-27T23:26:51.251Z",
    "venda": 101,
    "produto": 1,
    "quantidade": 2,
    "preco": 3.5,
    "desconto": 0.0
  }
},
{
  "model": "api.vendadetalhe",
  "pk": 143,
  "fields": {
    "created_at": "2022-02-27T23:26:51.343Z",
    "updated_at": "2022-02-27T23:26:51.343Z",
    "venda": 101,
    "produto": 3,
    "quantidade": 12,
    "preco": 3.5,
    "desconto": 0.0
  }
},
{
  "model": "api.vendadetalhe",
  "pk": 144,
  "fields": {
    "created_at": "2022-02-28T02:04:54.924Z",
    "updated_at": "2022-02-28T02:04:54.924Z",
    "venda": 102,
    "produto": 4,
    "quantidade": 1,
    "preco": 2.0,
    "desconto": 0.0
  }
},
{
  "model": "api.vendadetalhe",
  "pk": 145,
  "fields": {
    "created_at": "2022-03-05T02:07:08.025Z",
    "updated_at": "2022-03-05T02:07:08.025Z",
    "venda": 103,
    "produto": 1,
    "quantidade": 1,
    "preco": 3.5,
    "desconto": 0.0
  }
},
{
  "model": "api.vendadetalhe",
  "pk": 146,
  "fields": {
    "created_at": "2022-03-05T18:47:07.310Z",
    "updated_at": "2022-03-05T18:47:07.310Z",
    "venda": 113,
    "produto": 1,
    "quantidade": 2,
    "preco": 3.5,
    "desconto": 0.0
  }
},
{
  "model": "api.vendadetalhe",
  "pk": 147,
  "fields": {
    "created_at": "2022-03-06T02:43:34.881Z",
    "updated_at": "2022-03-06T02:43:34.881Z",
    "venda": 114,
    "produto": 1,
    "quantidade": 1,
    "preco": 3.5,
    "desconto": 0.0
  }
},
{
  "model": "api.vendadetalhe",
  "pk": 148,
  "fields": {
    "created_at": "2022-03-06T02:45:42.337Z",
    "updated_at": "2022-03-06T02:45:42.337Z",
    "venda": 115,
    "produto": 1,
    "quantidade": 1,
    "preco": 3.5,
    "desconto": 0.0
  }
},
{
  "model": "api.vendadetalhe",
  "pk": 149,
  "fields": {
    "created_at": "2022-03-06T13:49:09.064Z",
    "updated_at": "2022-03-06T13:49:09.064Z",
    "venda": 116,
    "produto": 1,
    "quantidade": 1,
    "preco": 3.5,
    "desconto": 0.0
  }
},
{
  "model": "api.vendadetalhe",
  "pk": 150,
  "fields": {
    "created_at": "2022-03-06T16:50:15.884Z",
    "updated_at": "2022-03-06T16:50:15.884Z",
    "venda": 117,
    "produto": 3,
    "quantidade": 12,
    "preco": 3.5,
    "desconto": 0.0
  }
},
{
  "model": "api.vendadetalhe",
  "pk": 151,
  "fields": {
    "created_at": "2022-03-06T18:45:08.810Z",
    "updated_at": "2022-03-06T18:45:08.810Z",
    "venda": 118,
    "produto": 1,
    "quantidade": 12,
    "preco": 3.5,
    "desconto": 0.0
  }
},
{
  "model": "api.vendadetalhe",
  "pk": 152,
  "fields": {
    "created_at": "2022-03-07T00:57:21.198Z",
    "updated_at": "2022-03-07T00:57:21.198Z",
    "venda": 119,
    "produto": 1,
    "quantidade": 12,
    "preco": 3.5,
    "desconto": 0.0
  }
},
{
  "model": "api.vendadetalhe",
  "pk": 153,
  "fields": {
    "created_at": "2022-03-09T23:44:48.282Z",
    "updated_at": "2022-03-09T23:44:48.282Z",
    "venda": 120,
    "produto": 1,
    "quantidade": 1,
    "preco": 3.5,
    "desconto": 0.0
  }
},
{
  "model": "api.vendadetalhe",
  "pk": 154,
  "fields": {
    "created_at": "2022-03-09T23:44:48.529Z",
    "updated_at": "2022-03-09T23:44:48.529Z",
    "venda": 120,
    "produto": 3,
    "quantidade": 1,
    "preco": 3.99,
    "desconto": 0.0
  }
},
{
  "model": "api.vendadetalhe",
  "pk": 155,
  "fields": {
    "created_at": "2022-03-10T20:42:48.071Z",
    "updated_at": "2022-03-10T20:42:48.071Z",
    "venda": 121,
    "produto": 1,
    "quantidade": 1,
    "preco": 3.5,
    "desconto": 0.0
  }
},
{
  "model": "api.vendadetalhe",
  "pk": 156,
  "fields": {
    "created_at": "2022-03-10T20:44:59.923Z",
    "updated_at": "2022-03-10T20:44:59.923Z",
    "venda": 122,
    "produto": 1,
    "quantidade": 2,
    "preco": 3.5,
    "desconto": 0.0
  }
},
{
  "model": "api.vendadetalhe",
  "pk": 157,
  "fields": {
    "created_at": "2022-03-10T21:06:45.684Z",
    "updated_at": "2022-03-10T21:06:45.684Z",
    "venda": 123,
    "produto": 3,
    "quantidade": 2,
    "preco": 3.5,
    "desconto": 0.0
  }
},
{
  "model": "api.vendadetalhe",
  "pk": 158,
  "fields": {
    "created_at": "2022-03-10T21:06:45.825Z",
    "updated_at": "2022-03-10T21:06:45.825Z",
    "venda": 123,
    "produto": 4,
    "quantidade": 10,
    "preco": 5.0,
    "desconto": 0.0
  }
},
{
  "model": "api.vendadetalhe",
  "pk": 159,
  "fields": {
    "created_at": "2022-03-10T21:06:45.845Z",
    "updated_at": "2022-03-10T21:06:45.845Z",
    "venda": 123,
    "produto": 4,
    "quantidade": 1,
    "preco": 1.0,
    "desconto": 0.0
  }
},
{
  "model": "api.vendadetalhe",
  "pk": 160,
  "fields": {
    "created_at": "2022-03-10T23:40:17.162Z",
    "updated_at": "2022-03-10T23:40:17.162Z",
    "venda": 124,
    "produto": 1,
    "quantidade": 2,
    "preco": 3.5,
    "desconto": 0.0
  }
},
{
  "model": "api.vendadetalhe",
  "pk": 161,
  "fields": {
    "created_at": "2022-03-10T23:40:17.273Z",
    "updated_at": "2022-03-10T23:40:17.274Z",
    "venda": 124,
    "produto": 3,
    "quantidade": 1000,
    "preco": 3.5,
    "desconto": 0.0
  }
},
{
  "model": "api.vendadetalhe",
  "pk": 162,
  "fields": {
    "created_at": "2022-03-12T04:04:56.683Z",
    "updated_at": "2022-03-12T04:04:56.683Z",
    "venda": 125,
    "produto": 1,
    "quantidade": 2,
    "preco": 3.5,
    "desconto": 0.0
  }
},
{
  "model": "api.vendadetalhe",
  "pk": 163,
  "fields": {
    "created_at": "2022-03-13T03:42:53.099Z",
    "updated_at": "2022-03-13T03:42:53.099Z",
    "venda": 126,
    "produto": 1,
    "quantidade": 1,
    "preco": 3.5,
    "desconto": 0.0
  }
},
{
  "model": "api.vendadetalhe",
  "pk": 164,
  "fields": {
    "created_at": "2022-03-13T16:00:19.999Z",
    "updated_at": "2022-03-13T16:00:19.999Z",
    "venda": 127,
    "produto": 1,
    "quantidade": 3,
    "preco": 3.5,
    "desconto": 0.0
  }
},
{
  "model": "api.vendadetalhe",
  "pk": 165,
  "fields": {
    "created_at": "2022-03-14T23:23:13.909Z",
    "updated_at": "2022-03-14T23:23:13.909Z",
    "venda": 128,
    "produto": 1,
    "quantidade": 12,
    "preco": 3.5,
    "desconto": 0.0
  }
},
{
  "model": "api.vendadetalhe",
  "pk": 166,
  "fields": {
    "created_at": "2022-03-14T23:23:14.579Z",
    "updated_at": "2022-03-14T23:23:14.579Z",
    "venda": 128,
    "produto": 4,
    "quantidade": 12,
    "preco": 2.0,
    "desconto": 0.0
  }
},
{
  "model": "api.vendadetalhe",
  "pk": 167,
  "fields": {
    "created_at": "2022-03-16T22:02:58.721Z",
    "updated_at": "2022-03-16T22:02:58.721Z",
    "venda": 129,
    "produto": 1,
    "quantidade": 1,
    "preco": 3.5,
    "desconto": 0.0
  }
},
{
  "model": "api.vendadetalhe",
  "pk": 168,
  "fields": {
    "created_at": "2022-03-20T00:46:17.845Z",
    "updated_at": "2022-03-20T00:46:17.845Z",
    "venda": 130,
    "produto": 4,
    "quantidade": 6,
    "preco": 2.0,
    "desconto": 0.0
  }
},
{
  "model": "api.vendadetalhe",
  "pk": 169,
  "fields": {
    "created_at": "2022-03-23T03:00:35.824Z",
    "updated_at": "2022-03-23T03:00:35.824Z",
    "venda": 131,
    "produto": 4,
    "quantidade": 6,
    "preco": 2.0,
    "desconto": 0.0
  }
},
{
  "model": "api.vendadetalhe",
  "pk": 170,
  "fields": {
    "created_at": "2022-03-26T19:25:27.457Z",
    "updated_at": "2022-03-26T19:25:27.457Z",
    "venda": 132,
    "produto": 1,
    "quantidade": 12,
    "preco": 3.5,
    "desconto": 0.0
  }
},
{
  "model": "api.vendadetalhe",
  "pk": 171,
  "fields": {
    "created_at": "2022-04-15T20:25:33.285Z",
    "updated_at": "2022-04-15T20:25:33.285Z",
    "venda": 133,
    "produto": 1,
    "quantidade": 51,
    "preco": 3.5,
    "desconto": 0.0
  }
},
{
  "model": "api.vendadetalhe",
  "pk": 172,
  "fields": {
    "created_at": "2022-04-15T20:27:45.375Z",
    "updated_at": "2022-04-15T20:27:45.375Z",
    "venda": 134,
    "produto": 1,
    "quantidade": 11,
    "preco": 3.5,
    "desconto": 0.0
  }
},
{
  "model": "api.vendadetalhe",
  "pk": 173,
  "fields": {
    "created_at": "2022-04-15T20:31:23.531Z",
    "updated_at": "2022-04-15T20:31:23.531Z",
    "venda": 135,
    "produto": 1,
    "quantidade": 1,
    "preco": 3.5,
    "desconto": 0.0
  }
},
{
  "model": "api.vendadetalhe",
  "pk": 174,
  "fields": {
    "created_at": "2022-04-15T20:33:05.922Z",
    "updated_at": "2022-04-15T20:33:05.922Z",
    "venda": 136,
    "produto": 2,
    "quantidade": 10,
    "preco": 17.0,
    "desconto": 0.0
  }
},
{
  "model": "api.vendadetalhe",
  "pk": 175,
  "fields": {
    "created_at": "2022-04-15T20:34:25.906Z",
    "updated_at": "2022-04-15T20:34:25.906Z",
    "venda": 137,
    "produto": 2,
    "quantidade": 1,
    "preco": 17.0,
    "desconto": 0.0
  }
},
{
  "model": "api.vendadetalhe",
  "pk": 176,
  "fields": {
    "created_at": "2022-04-15T20:43:39.949Z",
    "updated_at": "2022-04-15T20:43:39.949Z",
    "venda": 138,
    "produto": 2,
    "quantidade": 1,
    "preco": 17.0,
    "desconto": 0.0
  }
},
{
  "model": "api.vendadetalhe",
  "pk": 177,
  "fields": {
    "created_at": "2022-04-15T20:44:36.007Z",
    "updated_at": "2022-04-15T20:44:36.007Z",
    "venda": 139,
    "produto": 1,
    "quantidade": 50,
    "preco": 3.5,
    "desconto": 0.0
  }
},
{
  "model": "api.vendadetalhe",
  "pk": 178,
  "fields": {
    "created_at": "2022-04-15T20:50:01.821Z",
    "updated_at": "2022-04-15T20:50:01.821Z",
    "venda": 140,
    "produto": 1,
    "quantidade": 1,
    "preco": 3.5,
    "desconto": 0.0
  }
},
{
  "model": "api.vendadetalhe",
  "pk": 179,
  "fields": {
    "created_at": "2022-04-15T20:52:09.021Z",
    "updated_at": "2022-04-15T20:52:09.021Z",
    "venda": 141,
    "produto": 1,
    "quantidade": 49,
    "preco": 3.5,
    "desconto": 0.0
  }
},
{
  "model": "api.vendadetalhe",
  "pk": 180,
  "fields": {
    "created_at": "2022-04-15T20:55:46.108Z",
    "updated_at": "2022-04-15T20:55:46.108Z",
    "venda": 142,
    "produto": 1,
    "quantidade": 49,
    "preco": 3.5,
    "desconto": 0.0
  }
},
{
  "model": "api.vendadetalhe",
  "pk": 181,
  "fields": {
    "created_at": "2022-04-15T20:55:46.192Z",
    "updated_at": "2022-04-15T20:55:46.192Z",
    "venda": 142,
    "produto": 2,
    "quantidade": 49,
    "preco": 17.0,
    "desconto": 0.0
  }
},
{
  "model": "api.vendadetalhe",
  "pk": 182,
  "fields": {
    "created_at": "2022-04-15T23:35:00.149Z",
    "updated_at": "2022-04-15T23:35:00.149Z",
    "venda": 143,
    "produto": 1,
    "quantidade": 1,
    "preco": 3.5,
    "desconto": 0.0
  }
},
{
  "model": "api.vendadetalhe",
  "pk": 183,
  "fields": {
    "created_at": "2022-04-15T23:43:21.411Z",
    "updated_at": "2022-04-15T23:43:21.411Z",
    "venda": 144,
    "produto": 1,
    "quantidade": 1,
    "preco": 3.5,
    "desconto": 0.0
  }
},
{
  "model": "api.vendadetalhe",
  "pk": 184,
  "fields": {
    "created_at": "2022-04-16T00:26:42.532Z",
    "updated_at": "2022-04-16T00:26:42.532Z",
    "venda": 145,
    "produto": 1,
    "quantidade": 1,
    "preco": 3.5,
    "desconto": 0.0
  }
},
{
  "model": "api.vendadetalhe",
  "pk": 185,
  "fields": {
    "created_at": "2022-04-16T00:26:42.560Z",
    "updated_at": "2022-04-16T00:26:42.560Z",
    "venda": 145,
    "produto": 2,
    "quantidade": 10,
    "preco": 17.0,
    "desconto": 0.0
  }
},
{
  "model": "api.vendadetalhe",
  "pk": 186,
  "fields": {
    "created_at": "2022-04-16T00:31:44.662Z",
    "updated_at": "2022-04-16T00:31:44.662Z",
    "venda": 146,
    "produto": 1,
    "quantidade": 1,
    "preco": 3.5,
    "desconto": 0.0
  }
},
{
  "model": "api.vendadetalhe",
  "pk": 187,
  "fields": {
    "created_at": "2022-04-16T00:31:44.730Z",
    "updated_at": "2022-04-16T00:31:44.730Z",
    "venda": 146,
    "produto": 2,
    "quantidade": 1,
    "preco": 17.0,
    "desconto": 0.0
  }
},
{
  "model": "api.lancamentocaixa",
  "pk": 1,
  "fields": {
    "created_at": "2022-03-19T03:02:13.379Z",
    "updated_at": "2022-03-19T03:02:13.381Z",
    "controle": "123456",
    "data": "2022-03-19",
    "descricao": "Recebimento de venda",
    "siglaMoeda": "U$",
    "tipo": "E",
    "valor1": 100.0,
    "cotacao": 1.0,
    "valor2": 100.0,
    "empresa": 2
  }
},
{
  "model": "api.lancamentocaixa",
  "pk": 2,
  "fields": {
    "created_at": "2022-03-19T20:56:30.929Z",
    "updated_at": "2022-03-19T20:56:30.931Z",
    "controle": "xxx",
    "data": "2022-03-19",
    "descricao": "Recebimento 128",
    "siglaMoeda": "U$",
    "tipo": "E",
    "valor1": 66.0,
    "cotacao": 1.0,
    "valor2": 66.0,
    "empresa": 2
  }
},
{
  "model": "api.lancamentocaixa",
  "pk": 3,
  "fields": {
    "created_at": "2022-03-20T01:10:48.930Z",
    "updated_at": "2022-03-20T01:10:48.934Z",
    "controle": "XXX",
    "data": "2022-03-19",
    "descricao": "Recebimento 130",
    "siglaMoeda": "U$",
    "tipo": "E",
    "valor1": 12.0,
    "cotacao": 1.0,
    "valor2": 12.0,
    "empresa": 2
  }
},
{
  "model": "api.lancamentocaixa",
  "pk": 4,
  "fields": {
    "created_at": "2022-03-20T01:13:02.578Z",
    "updated_at": "2022-03-20T01:13:02.579Z",
    "controle": "XXX",
    "data": "2022-03-19",
    "descricao": "Recebimento 128,129,130",
    "siglaMoeda": "U$",
    "tipo": "E",
    "valor1": 100.0,
    "cotacao": 1.0,
    "valor2": 100.0,
    "empresa": 2
  }
},
{
  "model": "api.lancamentocaixa",
  "pk": 5,
  "fields": {
    "created_at": "2022-03-20T01:13:02.615Z",
    "updated_at": "2022-03-20T01:13:02.615Z",
    "controle": "XXX",
    "data": "2022-03-19",
    "descricao": "Troco 128,129,130",
    "siglaMoeda": "R$",
    "tipo": "S",
    "valor1": 100.0,
    "cotacao": 5.4,
    "valor2": 18.52,
    "empresa": 2
  }
},
{
  "model": "api.lancamentocaixa",
  "pk": 6,
  "fields": {
    "created_at": "2022-03-20T01:13:02.622Z",
    "updated_at": "2022-03-20T01:13:02.622Z",
    "controle": "XXX",
    "data": "2022-03-19",
    "descricao": "Recebimento 128,129,130",
    "siglaMoeda": "R$",
    "tipo": "E",
    "valor1": 0.11,
    "cotacao": 5.4,
    "valor2": 0.02,
    "empresa": 2
  }
},
{
  "model": "api.lancamentocaixa",
  "pk": 7,
  "fields": {
    "created_at": "2022-03-20T02:34:28.319Z",
    "updated_at": "2022-03-20T02:34:28.323Z",
    "controle": "XXX",
    "data": "2022-03-19",
    "descricao": "Recebimento 130",
    "siglaMoeda": "U$",
    "tipo": "E",
    "valor1": 20.0,
    "cotacao": 1.0,
    "valor2": 20.0,
    "empresa": 2
  }
},
{
  "model": "api.lancamentocaixa",
  "pk": 8,
  "fields": {
    "created_at": "2022-03-20T02:34:28.476Z",
    "updated_at": "2022-03-20T02:34:28.477Z",
    "controle": "XXX",
    "data": "2022-03-19",
    "descricao": "Troco 130",
    "siglaMoeda": "U$",
    "tipo": "S",
    "valor1": 8.0,
    "cotacao": 1.0,
    "valor2": 8.0,
    "empresa": 2
  }
},
{
  "model": "api.lancamentocaixa",
  "pk": 9,
  "fields": {
    "created_at": "2022-03-20T17:35:20.168Z",
    "updated_at": "2022-03-20T17:35:20.171Z",
    "controle": "XXX",
    "data": "2022-03-20",
    "descricao": "Recebimento 130",
    "siglaMoeda": "U$",
    "tipo": "E",
    "valor1": 12.0,
    "cotacao": 1.0,
    "valor2": 12.0,
    "empresa": 2
  }
},
{
  "model": "api.lancamentocaixa",
  "pk": 10,
  "fields": {
    "created_at": "2022-03-20T17:47:32.349Z",
    "updated_at": "2022-03-20T17:47:32.349Z",
    "controle": "XXX",
    "data": "2022-03-20",
    "descricao": "Recebimento 129",
    "siglaMoeda": "U$",
    "tipo": "E",
    "valor1": 10.0,
    "cotacao": 1.0,
    "valor2": 10.0,
    "empresa": 2
  }
},
{
  "model": "api.lancamentocaixa",
  "pk": 11,
  "fields": {
    "created_at": "2022-03-20T17:47:32.422Z",
    "updated_at": "2022-03-20T17:47:32.422Z",
    "controle": "XXX",
    "data": "2022-03-20",
    "descricao": "Troco 129",
    "siglaMoeda": "R$",
    "tipo": "S",
    "valor1": 35.1,
    "cotacao": 5.4,
    "valor2": 6.5,
    "empresa": 2
  }
},
{
  "model": "api.lancamentocaixa",
  "pk": 12,
  "fields": {
    "created_at": "2022-03-20T17:48:18.534Z",
    "updated_at": "2022-03-20T17:48:18.534Z",
    "controle": "XXX",
    "data": "2022-03-20",
    "descricao": "Recebimento 129",
    "siglaMoeda": "U$",
    "tipo": "E",
    "valor1": 10.0,
    "cotacao": 1.0,
    "valor2": 10.0,
    "empresa": 2
  }
},
{
  "model": "api.lancamentocaixa",
  "pk": 13,
  "fields": {
    "created_at": "2022-03-20T17:48:18.554Z",
    "updated_at": "2022-03-20T17:48:18.554Z",
    "controle": "XXX",
    "data": "2022-03-20",
    "descricao": "Troco 129",
    "siglaMoeda": "R$",
    "tipo": "S",
    "valor1": 35.1,
    "cotacao": 5.4,
    "valor2": 6.5,
    "empresa": 2
  }
},
{
  "model": "api.lancamentocaixa",
  "pk": 14,
  "fields": {
    "created_at": "2022-03-20T18:37:10.962Z",
    "updated_at": "2022-03-20T18:37:10.965Z",
    "controle": "XXX",
    "data": "2022-03-20",
    "descricao": "Recebimento 130",
    "siglaMoeda": "U$",
    "tipo": "E",
    "valor1": 20.0,
    "cotacao": 1.0,
    "valor2": 20.0,
    "empresa": 2
  }
},
{
  "model": "api.lancamentocaixa",
  "pk": 15,
  "fields": {
    "created_at": "2022-03-20T18:37:11.064Z",
    "updated_at": "2022-03-20T18:37:11.064Z",
    "controle": "XXX",
    "data": "2022-03-20",
    "descricao": "Troco 130",
    "siglaMoeda": "U$",
    "tipo": "S",
    "valor1": 8.0,
    "cotacao": 1.0,
    "valor2": 8.0,
    "empresa": 2
  }
},
{
  "model": "api.lancamentocaixa",
  "pk": 16,
  "fields": {
    "created_at": "2022-03-20T19:01:56.683Z",
    "updated_at": "2022-03-20T19:01:56.683Z",
    "controle": "XXX",
    "data": "2022-03-20",
    "descricao": "Recebimento 128,129,130",
    "siglaMoeda": "U$",
    "tipo": "E",
    "valor1": 100.0,
    "cotacao": 1.0,
    "valor2": 100.0,
    "empresa": 2
  }
},
{
  "model": "api.lancamentocaixa",
  "pk": 17,
  "fields": {
    "created_at": "2022-03-20T19:01:56.753Z",
    "updated_at": "2022-03-20T19:01:56.753Z",
    "controle": "XXX",
    "data": "2022-03-20",
    "descricao": "Troco 128,129,130",
    "siglaMoeda": "R$",
    "tipo": "S",
    "valor1": 100.0,
    "cotacao": 5.4,
    "valor2": 18.52,
    "empresa": 2
  }
},
{
  "model": "api.lancamentocaixa",
  "pk": 18,
  "fields": {
    "created_at": "2022-03-20T19:01:56.759Z",
    "updated_at": "2022-03-20T19:01:56.759Z",
    "controle": "XXX",
    "data": "2022-03-20",
    "descricao": "Recebimento 128,129,130",
    "siglaMoeda": "R$",
    "tipo": "E",
    "valor1": 0.11,
    "cotacao": 5.4,
    "valor2": 0.02,
    "empresa": 2
  }
},
{
  "model": "api.lancamentocaixa",
  "pk": 19,
  "fields": {
    "created_at": "2022-03-20T19:06:05.639Z",
    "updated_at": "2022-03-20T19:06:05.639Z",
    "controle": "XXX",
    "data": "2022-03-20",
    "descricao": "Recebimento 127",
    "siglaMoeda": "U$",
    "tipo": "E",
    "valor1": 100.0,
    "cotacao": 1.0,
    "valor2": 100.0,
    "empresa": 2
  }
},
{
  "model": "api.lancamentocaixa",
  "pk": 20,
  "fields": {
    "created_at": "2022-03-20T19:06:05.704Z",
    "updated_at": "2022-03-20T19:06:05.704Z",
    "controle": "XXX",
    "data": "2022-03-20",
    "descricao": "Troco 127",
    "siglaMoeda": "G$",
    "tipo": "S",
    "valor1": 537000.0,
    "cotacao": 6000.0,
    "valor2": 89.5,
    "empresa": 2
  }
},
{
  "model": "api.lancamentocaixa",
  "pk": 21,
  "fields": {
    "created_at": "2022-03-20T19:09:12.907Z",
    "updated_at": "2022-03-20T19:09:12.907Z",
    "controle": "XXX",
    "data": "2022-03-20",
    "descricao": "Recebimento 129",
    "siglaMoeda": "U$",
    "tipo": "E",
    "valor1": 10.0,
    "cotacao": 1.0,
    "valor2": 10.0,
    "empresa": 2
  }
},
{
  "model": "api.lancamentocaixa",
  "pk": 22,
  "fields": {
    "created_at": "2022-03-20T19:09:12.975Z",
    "updated_at": "2022-03-20T19:09:12.975Z",
    "controle": "XXX",
    "data": "2022-03-20",
    "descricao": "Troco 129",
    "siglaMoeda": "U$",
    "tipo": "S",
    "valor1": 6.5,
    "cotacao": 1.0,
    "valor2": 6.5,
    "empresa": 2
  }
},
{
  "model": "api.lancamentocaixa",
  "pk": 23,
  "fields": {
    "created_at": "2022-03-20T19:18:04.007Z",
    "updated_at": "2022-03-20T19:18:04.008Z",
    "controle": "XXX",
    "data": "2022-03-20",
    "descricao": "Recebimento 129",
    "siglaMoeda": "U$",
    "tipo": "E",
    "valor1": 3.5,
    "cotacao": 1.0,
    "valor2": 3.5,
    "empresa": 2
  }
},
{
  "model": "api.lancamentocaixa",
  "pk": 24,
  "fields": {
    "created_at": "2022-03-20T19:25:54.674Z",
    "updated_at": "2022-03-20T19:25:54.675Z",
    "controle": "XXX",
    "data": "2022-03-20",
    "descricao": "Recebimento 130",
    "siglaMoeda": "U$",
    "tipo": "E",
    "valor1": 12.0,
    "cotacao": 1.0,
    "valor2": 12.0,
    "empresa": 2
  }
},
{
  "model": "api.lancamentocaixa",
  "pk": 25,
  "fields": {
    "created_at": "2022-03-20T19:30:54.572Z",
    "updated_at": "2022-03-20T19:30:54.573Z",
    "controle": "XXX",
    "data": "2022-03-20",
    "descricao": "Recebimento 130",
    "siglaMoeda": "R$",
    "tipo": "E",
    "valor1": 100.0,
    "cotacao": 5.4,
    "valor2": 18.52,
    "empresa": 2
  }
},
{
  "model": "api.lancamentocaixa",
  "pk": 26,
  "fields": {
    "created_at": "2022-03-20T19:30:54.633Z",
    "updated_at": "2022-03-20T19:30:54.633Z",
    "controle": "XXX",
    "data": "2022-03-20",
    "descricao": "Troco 130",
    "siglaMoeda": "R$",
    "tipo": "S",
    "valor1": 35.21,
    "cotacao": 5.4,
    "valor2": 6.52,
    "empresa": 2
  }
},
{
  "model": "api.lancamentocaixa",
  "pk": 27,
  "fields": {
    "created_at": "2022-03-21T00:40:07.488Z",
    "updated_at": "2022-03-21T00:40:07.488Z",
    "controle": "XXX",
    "data": "2022-03-20",
    "descricao": "Recebimento 130",
    "siglaMoeda": "U$",
    "tipo": "E",
    "valor1": 20.0,
    "cotacao": 1.0,
    "valor2": 20.0,
    "empresa": 2
  }
},
{
  "model": "api.lancamentocaixa",
  "pk": 28,
  "fields": {
    "created_at": "2022-03-21T00:40:07.544Z",
    "updated_at": "2022-03-21T00:40:07.544Z",
    "controle": "XXX",
    "data": "2022-03-20",
    "descricao": "Troco 130",
    "siglaMoeda": "U$",
    "tipo": "S",
    "valor1": 8.0,
    "cotacao": 1.0,
    "valor2": 8.0,
    "empresa": 2
  }
},
{
  "model": "api.lancamentocaixa",
  "pk": 29,
  "fields": {
    "created_at": "2022-03-21T00:48:20.008Z",
    "updated_at": "2022-03-21T00:48:20.008Z",
    "controle": "XXX",
    "data": "2022-03-20",
    "descricao": "Recebimento 130",
    "siglaMoeda": "U$",
    "tipo": "E",
    "valor1": 20.0,
    "cotacao": 1.0,
    "valor2": 20.0,
    "empresa": 2
  }
},
{
  "model": "api.lancamentocaixa",
  "pk": 30,
  "fields": {
    "created_at": "2022-03-21T00:48:20.056Z",
    "updated_at": "2022-03-21T00:48:20.056Z",
    "controle": "XXX",
    "data": "2022-03-20",
    "descricao": "Troco 130",
    "siglaMoeda": "U$",
    "tipo": "S",
    "valor1": 8.0,
    "cotacao": 1.0,
    "valor2": 8.0,
    "empresa": 2
  }
},
{
  "model": "api.lancamentocaixa",
  "pk": 31,
  "fields": {
    "created_at": "2022-03-21T00:50:03.602Z",
    "updated_at": "2022-03-21T00:50:03.602Z",
    "controle": "XXX",
    "data": "2022-03-20",
    "descricao": "Recebimento 130",
    "siglaMoeda": "U$",
    "tipo": "E",
    "valor1": 12.0,
    "cotacao": 1.0,
    "valor2": 12.0,
    "empresa": 2
  }
},
{
  "model": "api.lancamentocaixa",
  "pk": 32,
  "fields": {
    "created_at": "2022-03-21T01:07:52.420Z",
    "updated_at": "2022-03-21T01:07:52.420Z",
    "controle": "XXX",
    "data": "2022-03-20",
    "descricao": "Recebimento 126,127,128,129,130",
    "siglaMoeda": "U$",
    "tipo": "E",
    "valor1": 100.0,
    "cotacao": 1.0,
    "valor2": 100.0,
    "empresa": 2
  }
},
{
  "model": "api.lancamentocaixa",
  "pk": 33,
  "fields": {
    "created_at": "2022-03-21T01:07:52.517Z",
    "updated_at": "2022-03-21T01:07:52.517Z",
    "controle": "XXX",
    "data": "2022-03-20",
    "descricao": "Troco 126,127,128,129,130",
    "siglaMoeda": "U$",
    "tipo": "S",
    "valor1": 4.0,
    "cotacao": 1.0,
    "valor2": 4.0,
    "empresa": 2
  }
},
{
  "model": "api.lancamentocaixa",
  "pk": 34,
  "fields": {
    "created_at": "2022-03-21T01:07:52.522Z",
    "updated_at": "2022-03-21T01:07:52.522Z",
    "controle": "XXX",
    "data": "2022-03-20",
    "descricao": "Troco 126,127,128,129,130",
    "siglaMoeda": "R$",
    "tipo": "S",
    "valor1": 2.7,
    "cotacao": 5.4,
    "valor2": 0.5,
    "empresa": 2
  }
},
{
  "model": "api.lancamentocaixa",
  "pk": 35,
  "fields": {
    "created_at": "2022-03-21T01:44:32.979Z",
    "updated_at": "2022-03-21T01:44:32.982Z",
    "controle": "XXX",
    "data": "2022-03-20",
    "descricao": "Recebimento 130",
    "siglaMoeda": "U$",
    "tipo": "E",
    "valor1": 10.0,
    "cotacao": 1.0,
    "valor2": 10.0,
    "empresa": 2
  }
},
{
  "model": "api.lancamentocaixa",
  "pk": 36,
  "fields": {
    "created_at": "2022-03-21T01:44:33.163Z",
    "updated_at": "2022-03-21T01:44:33.163Z",
    "controle": "XXX",
    "data": "2022-03-20",
    "descricao": "Recebimento 130",
    "siglaMoeda": "U$",
    "tipo": "E",
    "valor1": 2.0,
    "cotacao": 1.0,
    "valor2": 2.0,
    "empresa": 2
  }
},
{
  "model": "api.lancamentocaixa",
  "pk": 37,
  "fields": {
    "created_at": "2022-03-21T02:10:11.783Z",
    "updated_at": "2022-03-21T02:10:11.783Z",
    "controle": "XXX",
    "data": "2022-03-20",
    "descricao": "Recebimento 130",
    "siglaMoeda": "U$",
    "tipo": "E",
    "valor1": 20.0,
    "cotacao": 1.0,
    "valor2": 20.0,
    "empresa": 2
  }
},
{
  "model": "api.lancamentocaixa",
  "pk": 38,
  "fields": {
    "created_at": "2022-03-21T02:10:11.842Z",
    "updated_at": "2022-03-21T02:10:11.842Z",
    "controle": "XXX",
    "data": "2022-03-20",
    "descricao": "Troco 130",
    "siglaMoeda": "U$",
    "tipo": "S",
    "valor1": 8.0,
    "cotacao": 1.0,
    "valor2": 8.0,
    "empresa": 2
  }
},
{
  "model": "api.lancamentocaixa",
  "pk": 39,
  "fields": {
    "created_at": "2022-03-21T23:09:06.728Z",
    "updated_at": "2022-03-21T23:09:06.732Z",
    "controle": "XXX",
    "data": "2022-03-21",
    "descricao": "Recebimento 128,129,130",
    "siglaMoeda": "U$",
    "tipo": "E",
    "valor1": 100.0,
    "cotacao": 1.0,
    "valor2": 100.0,
    "empresa": 2
  }
},
{
  "model": "api.lancamentocaixa",
  "pk": 40,
  "fields": {
    "created_at": "2022-03-21T23:09:06.801Z",
    "updated_at": "2022-03-21T23:09:06.801Z",
    "controle": "XXX",
    "data": "2022-03-21",
    "descricao": "Troco 128,129,130",
    "siglaMoeda": "R$",
    "tipo": "S",
    "valor1": 100.0,
    "cotacao": 5.4,
    "valor2": 18.52,
    "empresa": 2
  }
},
{
  "model": "api.lancamentocaixa",
  "pk": 41,
  "fields": {
    "created_at": "2022-03-21T23:09:06.807Z",
    "updated_at": "2022-03-21T23:09:06.807Z",
    "controle": "XXX",
    "data": "2022-03-21",
    "descricao": "Recebimento 128,129,130",
    "siglaMoeda": "R$",
    "tipo": "E",
    "valor1": 0.11,
    "cotacao": 5.4,
    "valor2": 0.02,
    "empresa": 2
  }
},
{
  "model": "api.lancamentocaixa",
  "pk": 42,
  "fields": {
    "created_at": "2022-03-23T04:36:01.490Z",
    "updated_at": "2022-03-23T04:36:01.492Z",
    "controle": "XXX",
    "data": "2022-03-23",
    "descricao": "Recebimento 131",
    "siglaMoeda": "U$",
    "tipo": "E",
    "valor1": 12.0,
    "cotacao": 1.0,
    "valor2": 12.0,
    "empresa": 2
  }
},
{
  "model": "api.lancamentocaixa",
  "pk": 43,
  "fields": {
    "created_at": "2022-03-23T05:34:22.873Z",
    "updated_at": "2022-03-23T05:34:22.875Z",
    "controle": "XXX",
    "data": "2022-03-23",
    "descricao": "Recebimento 125,126,130",
    "siglaMoeda": "U$",
    "tipo": "E",
    "valor1": 50.0,
    "cotacao": 1.0,
    "valor2": 50.0,
    "empresa": 2
  }
},
{
  "model": "api.lancamentocaixa",
  "pk": 44,
  "fields": {
    "created_at": "2022-03-23T05:34:22.931Z",
    "updated_at": "2022-03-23T05:34:22.931Z",
    "controle": "XXX",
    "data": "2022-03-23",
    "descricao": "Troco 125,126,130",
    "siglaMoeda": "U$",
    "tipo": "S",
    "valor1": 20.0,
    "cotacao": 1.0,
    "valor2": 20.0,
    "empresa": 2
  }
},
{
  "model": "api.lancamentocaixa",
  "pk": 45,
  "fields": {
    "created_at": "2022-03-23T05:34:22.938Z",
    "updated_at": "2022-03-23T05:34:22.938Z",
    "controle": "XXX",
    "data": "2022-03-23",
    "descricao": "Troco 125,126,130",
    "siglaMoeda": "R$",
    "tipo": "S",
    "valor1": 40.5,
    "cotacao": 5.4,
    "valor2": 7.5,
    "empresa": 2
  }
},
{
  "model": "api.moeda",
  "pk": 1,
  "fields": {
    "created_at": "2022-03-12T01:10:49.352Z",
    "updated_at": "2022-03-12T01:11:52.923Z",
    "empresa": 2,
    "descricao": "REAL",
    "sigla": "R$",
    "cotacao": 5.4,
    "acrescimo": 0.0
  }
},
{
  "model": "api.moeda",
  "pk": 6,
  "fields": {
    "created_at": "2022-03-12T01:17:17.319Z",
    "updated_at": "2022-03-15T01:26:37.994Z",
    "empresa": 3,
    "descricao": "REAL",
    "sigla": "R$",
    "cotacao": 5.4,
    "acrescimo": 0.0
  }
},
{
  "model": "api.moeda",
  "pk": 7,
  "fields": {
    "created_at": "2022-03-12T01:18:34.086Z",
    "updated_at": "2022-03-12T01:18:34.086Z",
    "empresa": 2,
    "descricao": "DOLAR",
    "sigla": "U$",
    "cotacao": 1.0,
    "acrescimo": 0.0
  }
},
{
  "model": "api.moeda",
  "pk": 8,
  "fields": {
    "created_at": "2022-03-12T01:18:40.571Z",
    "updated_at": "2022-03-15T01:24:59.350Z",
    "empresa": 3,
    "descricao": "DOLAR",
    "sigla": "U$",
    "cotacao": 1.0,
    "acrescimo": 0.0
  }
},
{
  "model": "api.moeda",
  "pk": 9,
  "fields": {
    "created_at": "2022-03-12T01:18:45.578Z",
    "updated_at": "2022-03-12T01:18:45.578Z",
    "empresa": 4,
    "descricao": "DOLAR",
    "sigla": "U$",
    "cotacao": 0.0,
    "acrescimo": 0.0
  }
},
{
  "model": "api.moeda",
  "pk": 10,
  "fields": {
    "created_at": "2022-03-12T01:18:50.961Z",
    "updated_at": "2022-03-12T01:18:50.961Z",
    "empresa": 1,
    "descricao": "DOLAR",
    "sigla": "U$",
    "cotacao": 0.0,
    "acrescimo": 0.0
  }
},
{
  "model": "api.moeda",
  "pk": 11,
  "fields": {
    "created_at": "2022-03-12T01:19:07.870Z",
    "updated_at": "2022-03-12T01:19:07.870Z",
    "empresa": 4,
    "descricao": "REAL",
    "sigla": "R$",
    "cotacao": 0.0,
    "acrescimo": 0.0
  }
},
{
  "model": "api.moeda",
  "pk": 12,
  "fields": {
    "created_at": "2022-03-12T01:19:12.116Z",
    "updated_at": "2022-03-12T01:19:12.116Z",
    "empresa": 1,
    "descricao": "REAL",
    "sigla": "R$",
    "cotacao": 0.0,
    "acrescimo": 0.0
  }
},
{
  "model": "api.moeda",
  "pk": 13,
  "fields": {
    "created_at": "2022-03-12T01:19:31.884Z",
    "updated_at": "2022-03-12T01:19:31.884Z",
    "empresa": 2,
    "descricao": "GUARANI",
    "sigla": "G$",
    "cotacao": 6000.0,
    "acrescimo": 0.0
  }
},
{
  "model": "api.moeda",
  "pk": 14,
  "fields": {
    "created_at": "2022-03-12T01:19:38.214Z",
    "updated_at": "2022-03-15T01:26:05.124Z",
    "empresa": 3,
    "descricao": "GUARANI",
    "sigla": "G$",
    "cotacao": 6000.0,
    "acrescimo": 0.0
  }
},
{
  "model": "api.moeda",
  "pk": 15,
  "fields": {
    "created_at": "2022-03-12T01:19:42.578Z",
    "updated_at": "2022-03-12T01:19:42.578Z",
    "empresa": 4,
    "descricao": "GUARANI",
    "sigla": "G$",
    "cotacao": 0.0,
    "acrescimo": 0.0
  }
},
{
  "model": "api.moeda",
  "pk": 16,
  "fields": {
    "created_at": "2022-03-12T01:19:46.895Z",
    "updated_at": "2022-03-12T01:19:46.895Z",
    "empresa": 1,
    "descricao": "GUARANI",
    "sigla": "G$",
    "cotacao": 0.0,
    "acrescimo": 0.0
  }
}
]
